date,total_sales,total_orders,total_items,average_order_value,temperature,max_temperature,min_temperature,rainfall,humidity,wind_speed,is_holiday,holiday_name
2015-01-01,2713.85,69,162,16.856211180124223,15.08,23.9,8.07,0.02,44.51,1.19,False,
2015-01-02,2731.9,67,165,17.074375,15.76,21.34,11.84,3.9,59.67,1.16,False,
2015-01-03,2662.4,66,158,17.28831168831169,14.41,20.72,8.65,10.12,76.62,0.96,False,
2015-01-04,1755.45,52,106,16.560849056603775,13.53,21.5,8.12,0.0,62.98,2.2,True,Prophet's Birthday
2015-01-05,2065.95,54,125,17.073966942148758,13.07,22.76,6.59,0.0,44.1,3.89,False,
2015-01-06,2428.95,64,147,16.867708333333333,13.18,22.39,6.79,0.0,53.13,2.32,False,
2015-01-07,2202.2,58,138,16.557894736842105,12.44,21.21,6.26,0.0,55.87,1.84,False,
2015-01-08,2838.35,72,173,16.598538011695904,12.37,21.56,5.4,0.0,46.51,2.06,False,
2015-01-09,2127.35,62,127,17.29552845528455,11.7,21.14,4.16,0.0,39.9,1.62,False,
2015-01-10,2463.95,65,146,16.992758620689653,11.06,21.41,3.7,0.0,39.1,2.1,False,
2015-01-11,1872.3,52,116,16.423684210526314,12.12,23.24,4.05,0.0,36.93,2.0,False,
2015-01-12,1919.05,55,119,16.263135593220337,12.38,23.75,4.22,0.0,36.56,1.4,False,
2015-01-13,2049.6,48,120,17.517948717948716,12.19,21.66,5.77,0.0,39.03,1.74,False,
2015-01-14,2527.4,62,150,17.55138888888889,11.4,18.59,6.95,1.91,54.93,1.63,False,
2015-01-15,1984.8,62,123,16.13658536585366,11.22,19.55,4.48,0.0,67.56,1.52,False,
2015-01-16,2594.15,67,158,16.736451612903227,12.44,21.28,5.15,0.0,63.7,1.4,False,
2015-01-17,2064.1,55,125,16.918852459016392,13.65,23.07,6.67,0.0,55.9,1.98,False,
2015-01-18,1976.85,51,122,16.61218487394958,13.31,22.65,5.81,0.0,49.93,1.91,False,
2015-01-19,2387.15,56,142,17.173741007194245,13.0,22.19,5.4,0.0,43.43,1.53,False,
2015-01-20,2397.9,64,143,17.25107913669065,12.11,20.73,6.31,0.0,41.27,1.12,False,
2015-01-21,2040.55,51,129,16.06732283464567,13.27,20.75,6.57,3.16,42.38,1.51,False,
2015-01-22,2496.7,68,158,16.10774193548387,12.51,17.75,8.77,8.36,77.98,1.5,False,
2015-01-23,2423.7,69,152,16.26644295302013,13.19,21.22,8.02,2.56,76.24,1.13,False,
2015-01-24,2289.25,63,142,16.121478873239436,13.47,21.91,7.21,0.0,65.8,1.64,False,
2015-01-25,1617.55,44,102,16.015346534653464,12.68,21.4,5.71,0.0,45.88,1.58,False,
2015-01-26,1884.4,55,113,16.676106194690266,12.54,18.94,8.32,3.26,62.71,0.82,True,Republic Day
2015-01-27,2528.05,66,151,16.966778523489936,12.2,20.24,6.68,0.0,61.75,1.95,False,
2015-01-28,2016.0,51,118,17.379310344827587,10.65,19.39,3.91,0.0,49.46,1.93,False,
2015-01-29,2045.3,58,119,17.785217391304347,10.4,19.48,3.25,0.0,42.55,2.14,False,
2015-01-30,2270.3,65,138,16.45144927536232,11.27,20.93,3.67,0.0,39.83,2.63,False,
2015-01-31,2417.85,54,145,16.908041958041956,13.16,23.44,4.93,0.0,36.8,2.32,False,
2015-02-01,3189.2,87,191,16.96382978723404,15.43,22.99,8.46,0.0,36.56,1.26,False,
2015-02-02,2328.6,63,145,16.283916083916083,15.79,24.64,8.41,0.0,42.78,1.96,False,
2015-02-03,2614.8,62,159,17.090196078431372,15.43,24.27,10.38,0.85,54.67,2.17,False,
2015-02-04,2233.9,57,138,16.54740740740741,14.15,23.5,7.65,0.27,62.64,2.21,False,
2015-02-05,2215.8,60,133,16.78636363636364,13.58,23.98,5.91,0.0,48.36,1.91,False,
2015-02-06,2509.95,66,153,16.51282894736842,14.97,24.44,6.95,0.0,39.5,1.15,False,
2015-02-07,2237.65,61,136,16.575185185185187,17.1,25.35,9.1,0.03,41.55,1.08,False,
2015-02-08,2035.0,53,124,16.68032786885246,17.33,25.63,12.02,0.0,44.16,1.52,False,
2015-02-09,2195.35,54,136,16.38320895522388,16.05,25.79,8.59,0.01,48.01,1.9,False,
2015-02-10,2056.5,59,124,16.85655737704918,15.44,25.09,7.93,0.0,41.84,1.99,False,
2015-02-11,2460.0,69,155,16.18421052631579,15.63,24.56,8.34,0.0,39.12,1.56,False,
2015-02-12,2158.8,58,130,16.998425196850395,15.05,25.11,7.0,0.0,38.18,1.69,False,
2015-02-13,2754.5,71,163,17.215625,16.75,26.8,7.21,0.0,31.5,2.19,False,
2015-02-14,2319.15,57,140,16.928102189781022,19.76,30.06,11.01,0.0,36.06,1.25,False,
2015-02-15,2141.25,55,128,16.728515625,20.34,28.85,12.35,0.0,36.57,1.14,False,
2015-02-16,1968.8,49,119,16.684745762711863,19.54,27.8,13.21,0.0,38.14,1.74,False,
2015-02-17,2121.9,61,129,16.57734375,19.98,28.07,11.5,0.0,44.14,0.99,False,
2015-02-18,2642.85,61,163,16.517812499999998,20.9,28.6,13.3,0.0,40.01,0.91,False,
2015-02-19,2030.25,56,123,16.641393442622952,21.93,29.97,14.03,0.02,38.16,1.45,False,
2015-02-20,2891.15,73,175,17.107396449704144,21.72,30.86,14.05,1.76,41.7,1.29,False,
2015-02-21,2111.0,56,127,17.024193548387096,21.76,30.78,14.16,0.0,38.26,2.36,False,
2015-02-22,1579.95,37,97,16.988709677419354,21.92,31.7,14.33,0.0,43.13,2.93,False,
2015-02-23,2168.55,54,128,17.3484,21.29,27.64,14.98,0.0,41.13,1.33,False,
2015-02-24,2194.55,58,134,16.625378787878788,21.94,28.3,16.64,0.0,37.87,1.17,False,
2015-02-25,2341.3,63,144,16.604964539007092,21.87,30.09,14.51,0.47,36.4,2.25,False,
2015-02-26,2261.3,55,140,16.627205882352943,16.34,25.86,8.98,1.62,28.45,1.66,False,
2015-02-27,2857.95,71,173,16.71315789473684,16.5,27.23,7.74,0.1,26.4,1.47,False,
2015-02-28,2539.6,59,154,16.598692810457514,18.08,27.38,8.95,0.09,31.21,1.39,False,
2015-03-01,1598.55,49,99,16.146969696969695,16.35,19.81,13.44,27.24,83.57,4.11,False,
2015-03-02,2379.05,58,139,17.23949275362319,16.85,21.18,12.51,26.81,83.9,2.57,False,
2015-03-03,2287.9,53,137,17.202255639097746,16.16,23.5,10.93,1.41,64.28,1.47,False,
2015-03-04,2444.3,59,147,16.974305555555556,15.82,24.18,8.66,0.0,48.97,1.97,False,
2015-03-05,2350.65,64,142,16.790357142857143,17.74,26.78,10.2,0.0,40.01,1.41,False,
2015-03-06,2513.95,66,152,17.33758620689655,18.46,27.67,10.7,0.01,48.8,1.67,True,Holi
2015-03-07,2400.45,58,144,17.269424460431654,20.17,28.18,12.13,0.81,49.87,1.28,False,
2015-03-08,2188.15,62,135,16.57689393939394,20.16,26.73,14.17,4.41,54.08,1.61,False,
2015-03-09,2334.55,56,138,17.165808823529414,16.15,25.17,9.29,2.32,47.22,2.41,False,
2015-03-10,2388.7,59,144,16.82183098591549,16.54,26.43,8.3,0.0,47.63,2.32,False,
2015-03-11,2207.7,62,134,16.724999999999998,18.59,28.65,9.57,0.0,36.23,1.79,False,
2015-03-12,1994.9,51,119,17.34695652173913,21.21,30.79,12.83,0.0,38.12,1.74,False,
2015-03-13,2786.65,71,176,16.107803468208093,21.59,28.81,15.22,0.23,49.15,1.22,False,
2015-03-14,2039.45,56,123,16.716803278688523,22.21,29.03,16.75,0.31,54.78,1.18,False,
2015-03-15,2068.6,49,131,16.682258064516127,18.91,24.5,15.03,6.41,72.64,3.31,False,
2015-03-16,2295.05,66,141,16.393214285714286,19.28,25.17,14.33,5.65,72.76,1.84,False,
2015-03-17,2965.3,71,179,16.848295454545454,20.14,27.8,12.82,0.0,58.38,2.51,False,
2015-03-18,2075.4,62,123,17.440336134453784,19.76,28.07,12.24,0.0,53.11,2.96,False,
2015-03-19,2388.6,58,144,16.703496503496503,20.42,29.55,11.32,0.0,43.09,1.85,False,
2015-03-20,2461.25,66,149,16.63006756756757,22.34,31.7,14.21,0.0,36.16,1.74,False,
2015-03-21,2267.4,56,136,16.92089552238806,23.63,32.78,15.89,0.0,38.75,1.78,False,
2015-03-22,1259.25,37,77,16.56907894736842,24.59,33.92,16.08,0.0,44.46,2.53,False,
2015-03-23,2232.55,61,135,17.04236641221374,25.01,34.34,17.84,0.0,42.03,2.26,False,
2015-03-24,2162.3,60,130,16.89296875,27.15,36.03,16.88,0.0,29.79,1.17,False,
2015-03-25,1927.75,56,115,16.76304347826087,27.91,36.34,21.63,0.0,30.21,0.9,False,
2015-03-26,2215.5,65,136,16.290441176470587,27.71,36.73,19.31,0.0,36.78,1.27,False,
2015-03-27,2744.8,71,167,16.435928143712577,27.68,36.88,20.55,0.0,35.96,1.93,False,
2015-03-28,2252.1,60,139,16.319565217391304,27.63,36.88,18.45,0.0,29.79,1.74,True,Ram Navami
2015-03-29,2154.25,54,132,16.699612403100776,24.35,30.64,18.32,5.23,40.5,2.16,False,
2015-03-30,2255.45,62,137,16.95827067669173,21.83,28.32,17.67,6.27,68.02,2.91,False,
2015-03-31,2756.6,62,161,17.337106918238995,24.69,31.89,16.72,0.01,57.66,1.49,False,
2015-04-01,2176.85,67,135,16.367293233082705,26.64,33.86,19.31,0.15,44.99,1.32,False,
2015-04-02,2547.15,62,150,17.688541666666666,27.81,35.98,20.84,0.07,40.13,1.31,True,Mahavira's Birthday
2015-04-03,2538.2,64,155,16.48181818181818,24.91,30.63,20.78,5.93,52.74,2.15,True,Good Friday
2015-04-04,2767.55,66,170,17.083641975308645,21.05,25.46,17.35,16.39,72.93,1.17,False,
2015-04-05,1909.85,50,117,16.464224137931033,22.89,31.21,15.56,0.0,57.56,0.97,False,
2015-04-06,2622.35,60,157,17.13954248366013,24.24,32.35,16.36,0.0,41.36,1.59,False,
2015-04-07,2234.25,61,138,16.428308823529413,25.5,32.2,18.4,0.04,38.53,0.9,False,
2015-04-08,2293.95,60,136,17.511068702290075,25.1,32.78,19.15,0.25,42.84,1.61,False,
2015-04-09,2047.3,52,122,16.9198347107438,24.75,33.96,16.35,0.0,41.71,2.4,False,
2015-04-10,2424.95,59,142,17.077112676056338,25.8,35.48,16.67,0.0,39.39,2.19,False,
2015-04-11,2543.75,63,153,16.958333333333332,28.47,37.14,20.11,0.0,31.36,1.03,False,
2015-04-12,1994.3,53,120,17.192241379310346,26.52,33.75,19.78,5.35,44.0,1.24,False,
2015-04-13,2496.2,66,144,17.455944055944055,23.96,29.8,20.76,1.63,60.72,1.9,False,
2015-04-14,2505.7,50,146,17.7709219858156,25.23,31.78,18.86,0.44,54.6,1.26,True,Dr. B. R. Ambedkar's Birthday
2015-04-15,2578.85,67,158,16.63774193548387,26.56,32.91,20.88,1.06,51.17,1.21,False,
2015-04-16,2017.95,55,126,16.1436,27.36,34.74,21.06,0.09,48.23,1.46,False,
2015-04-17,2675.65,64,161,16.618944099378883,27.61,35.89,19.85,0.03,43.56,3.09,False,
2015-04-18,2286.2,62,137,16.934814814814814,30.0,39.47,20.91,0.0,37.8,2.73,False,
2015-04-19,1527.95,50,95,16.608152173913044,31.85,40.86,22.68,0.0,33.5,1.6,False,
2015-04-20,2459.45,70,151,16.617905405405406,31.42,39.54,23.56,0.01,32.27,1.93,False,
2015-04-21,2213.15,62,134,17.02423076923077,30.13,39.23,21.36,0.0,31.3,2.62,False,
2015-04-22,2193.45,59,134,16.617045454545455,29.57,39.65,20.05,0.0,27.18,2.64,False,
2015-04-23,2426.15,57,144,17.709124087591242,30.9,39.96,21.61,0.0,24.31,1.55,False,
2015-04-24,2979.2,71,175,17.42222222222222,33.69,40.47,27.26,0.0,17.76,0.68,False,
2015-04-25,2089.2,62,126,16.7136,32.41,40.43,25.18,0.0,20.61,1.34,False,
2015-04-26,1767.4,56,111,16.067272727272726,28.83,36.31,21.6,0.01,43.9,2.65,False,
2015-04-27,2180.8,67,133,16.396992481203007,30.26,38.33,22.16,0.46,40.22,2.34,False,
2015-04-28,1742.8,48,107,17.255445544554455,31.56,38.9,23.38,3.02,41.71,1.58,False,
2015-04-29,1828.75,53,111,17.0911214953271,32.18,38.68,25.95,0.02,31.01,1.09,False,
2015-04-30,2667.5,63,163,16.365030674846626,32.23,40.36,23.92,0.0,30.15,1.87,False,
2015-05-01,2571.95,75,154,16.920723684210525,31.35,37.96,24.94,0.46,32.86,1.23,False,
2015-05-02,2400.2,68,152,16.108724832214765,31.28,38.43,25.02,0.11,30.17,1.56,False,
2015-05-03,1832.25,49,114,16.214601769911503,31.81,39.89,23.67,0.0,21.83,1.29,False,
2015-05-04,2288.9,55,141,16.586231884057973,32.98,40.75,25.21,0.0,18.21,1.21,True,Buddha Purnima
2015-05-05,1713.6,49,107,16.32,32.42,41.96,22.83,0.0,20.49,1.88,False,
2015-05-06,2309.8,55,140,16.73768115942029,33.6,43.54,22.55,0.0,15.9,3.6,False,
2015-05-07,2228.85,58,131,17.8308,34.61,44.07,24.73,0.0,15.73,3.7,False,
2015-05-08,3052.3,71,181,17.244632768361583,34.67,43.2,26.72,0.0,15.84,3.12,False,
2015-05-09,2368.4,56,144,16.917142857142856,34.92,42.87,26.35,0.0,22.1,1.96,False,
2015-05-10,2288.35,55,141,16.345357142857143,35.4,43.43,26.91,0.0,22.23,1.8,False,
2015-05-11,2388.05,60,144,16.936524822695038,36.38,43.36,28.06,0.01,21.17,1.35,False,
2015-05-12,2299.7,62,142,16.42642857142857,35.39,41.05,29.91,0.61,24.32,1.12,False,
2015-05-13,2261.8,63,137,16.509489051094892,34.14,40.77,26.96,0.43,26.89,1.62,False,
2015-05-14,2694.5,69,164,17.162420382165607,33.0,39.37,26.3,1.04,27.4,1.51,False,
2015-05-15,3386.15,94,208,16.517804878048782,33.45,40.34,26.23,0.4,28.52,2.52,False,
2015-05-16,2281.1,61,142,16.178014184397163,34.35,40.08,28.62,2.3,26.33,0.99,False,
2015-05-17,1828.4,49,109,17.249056603773585,34.73,41.48,26.35,0.0,23.54,1.64,False,
2015-05-18,2209.65,57,134,16.73977272727273,37.02,43.84,27.88,0.0,20.02,1.41,False,
2015-05-19,1987.0,46,119,17.42982456140351,38.28,45.73,30.85,0.0,16.92,2.43,False,
2015-05-20,2373.0,64,141,17.32116788321168,36.09,43.55,28.62,1.53,17.14,4.2,False,
2015-05-21,2062.55,58,123,16.906147540983607,36.47,44.82,27.82,0.0,15.53,4.11,False,
2015-05-22,2635.1,71,154,17.567333333333334,37.27,45.41,28.68,0.0,15.6,3.82,False,
2015-05-23,2444.15,59,148,17.334397163120567,37.11,45.93,27.18,0.0,13.32,4.24,False,
2015-05-24,2196.95,59,134,16.899615384615384,37.6,46.44,27.0,0.17,12.83,2.53,False,
2015-05-25,2104.4,56,125,17.249180327868853,37.39,46.51,27.36,0.0,11.1,2.69,False,
2015-05-26,1876.45,48,115,16.460087719298247,36.83,46.34,27.23,0.31,10.41,3.84,False,
2015-05-27,2097.0,55,124,17.048780487804876,35.11,44.58,24.59,0.06,5.91,3.35,False,
2015-05-28,2016.4,54,121,17.08813559322034,35.3,43.77,25.5,0.0,9.12,2.61,False,
2015-05-29,3001.2,68,181,16.673333333333332,36.73,45.2,27.07,0.01,19.41,2.86,False,
2015-05-30,2486.95,59,150,17.27048611111111,36.96,44.1,28.7,0.0,19.94,2.94,False,
2015-05-31,1717.65,50,108,15.904166666666669,36.86,44.21,29.42,0.0,19.46,2.68,False,
2015-06-01,3067.75,72,184,17.043055555555554,35.93,42.92,29.9,0.38,17.44,1.55,False,
2015-06-02,2449.95,59,147,16.78047945205479,34.84,41.92,27.17,1.14,25.75,2.22,False,
2015-06-03,1907.05,51,113,17.02723214285714,35.07,41.81,27.57,0.44,22.55,1.25,False,
2015-06-04,2283.6,56,141,16.66861313868613,35.32,41.57,29.5,0.38,22.1,1.75,False,
2015-06-05,2700.15,69,159,17.089556962025316,35.16,42.29,26.78,0.1,23.04,2.1,False,
2015-06-06,2280.95,61,136,17.15,35.34,41.7,28.45,0.0,22.92,2.57,False,
2015-06-07,1960.75,55,117,16.75854700854701,36.5,43.9,27.94,0.0,20.99,2.48,False,
2015-06-08,2264.95,58,136,17.557751937984495,38.25,45.9,29.52,0.0,15.93,2.74,False,
2015-06-09,2442.55,65,147,16.845172413793104,39.17,46.13,31.6,0.0,17.4,4.38,False,
2015-06-10,2019.4,54,124,17.408620689655173,36.94,41.78,32.15,0.0,28.88,5.72,False,
2015-06-11,2650.5,68,158,17.4375,37.54,43.82,31.31,0.5,26.36,4.5,False,
2015-06-12,2138.6,61,131,16.57829457364341,37.42,43.79,31.04,0.0,30.43,3.82,False,
2015-06-13,2508.9,64,153,16.726,34.92,39.07,29.87,17.22,38.4,2.14,False,
2015-06-14,1859.0,48,113,16.9,33.34,38.93,27.75,1.97,41.4,1.66,False,
2015-06-15,2595.6,73,152,17.304,34.0,40.24,27.77,0.01,41.44,1.49,False,
2015-06-16,1898.3,54,116,16.799115044247788,34.27,40.17,28.13,0.0,39.89,1.3,False,
2015-06-17,2137.1,54,126,17.23467741935484,35.21,41.86,28.92,0.0,34.04,1.44,False,
2015-06-18,1984.5,56,116,17.407894736842106,36.48,42.51,30.18,0.16,27.94,0.95,False,
2015-06-19,2793.45,74,167,16.727245508982033,37.43,43.84,30.48,0.03,24.54,1.48,False,
2015-06-20,2060.6,48,128,16.61774193548387,37.04,42.4,31.21,0.73,33.33,2.09,False,
2015-06-21,1925.2,51,115,16.887719298245614,35.87,40.14,31.22,6.06,39.34,1.52,False,
2015-06-22,2319.3,55,140,16.92919708029197,35.37,39.96,30.16,1.1,41.82,1.06,False,
2015-06-23,2042.75,59,124,16.607723577235774,36.54,42.37,31.58,2.29,36.13,1.09,False,
2015-06-24,2327.5,62,137,17.113970588235293,34.75,40.07,29.16,0.88,35.92,1.85,False,
2015-06-25,2399.15,60,148,16.66076388888889,28.15,30.14,25.5,37.14,70.72,2.18,False,
2015-06-26,2745.5,64,163,17.0527950310559,32.14,39.3,24.52,0.0,45.71,3.18,False,
2015-06-27,2812.9,71,173,16.8437125748503,33.22,39.86,26.65,0.09,50.18,3.61,False,
2015-06-28,1569.7,45,95,16.878494623655914,34.63,41.69,27.14,0.0,42.43,2.6,False,
2015-06-29,1873.6,53,118,15.877966101694916,33.99,39.55,27.88,2.3,44.21,1.61,False,
2015-06-30,2210.95,53,130,17.54722222222222,32.42,37.52,26.49,23.91,56.14,0.92,False,
2015-07-01,2231.5,66,137,16.652985074626866,32.91,38.36,26.8,7.07,53.1,1.13,False,
2015-07-02,2294.8,63,138,16.99851851851852,33.18,38.65,27.74,0.21,47.9,1.84,False,
2015-07-03,3443.0,93,213,16.632850241545892,34.64,40.92,28.25,0.31,45.94,3.18,False,
2015-07-04,3864.2,105,234,16.584549356223174,35.16,40.67,30.01,0.24,44.58,3.77,False,
2015-07-05,1591.45,41,96,16.752105263157894,34.77,41.18,29.15,11.07,52.07,2.86,False,
2015-07-06,2116.9,58,130,16.53828125,32.65,36.64,28.15,15.92,59.65,1.98,False,
2015-07-07,2374.4,53,142,17.458823529411767,32.06,34.76,29.15,12.8,59.36,0.52,False,
2015-07-08,2396.05,66,142,17.237769784172663,32.38,35.65,28.91,5.99,57.21,0.66,False,
2015-07-09,2297.75,58,135,17.276315789473685,32.35,36.08,29.15,3.88,57.66,1.04,False,
2015-07-10,2432.4,71,148,16.891666666666666,29.55,32.39,27.07,39.58,72.84,1.96,False,
2015-07-11,2085.55,53,125,16.818951612903227,28.07,31.08,25.52,88.39,83.68,2.59,False,
2015-07-12,2185.65,58,128,17.075390625,28.23,30.69,25.63,14.58,84.73,3.24,False,
2015-07-13,2059.5,54,124,16.881147540983605,28.8,32.62,25.7,2.7,81.41,1.33,False,
2015-07-14,1956.5,59,119,16.72222222222222,29.63,34.04,25.26,0.79,75.47,2.48,False,
2015-07-15,2501.8,62,154,16.45921052631579,30.34,35.42,26.3,0.32,71.28,3.76,False,
2015-07-16,2463.9,56,146,17.474468085106384,30.64,36.16,25.54,0.23,68.61,2.89,False,
2015-07-17,3131.65,82,187,16.92783783783784,30.3,34.34,26.0,1.87,73.01,0.99,False,
2015-07-18,2122.2,54,130,16.5796875,30.82,34.6,26.29,1.8,71.25,0.88,True,Eid al-Fitr
2015-07-19,2022.7,53,121,17.141525423728815,29.82,32.87,26.11,2.12,73.89,0.74,False,
2015-07-20,2501.0,59,149,17.368055555555557,29.73,32.67,26.71,2.53,74.55,0.66,False,
2015-07-21,2030.85,55,119,17.357692307692307,30.32,34.4,26.52,1.53,74.48,1.3,False,
2015-07-22,2292.1,65,137,17.233834586466166,29.93,33.79,26.3,0.75,77.49,1.46,False,
2015-07-23,2214.5,65,137,16.650375939849624,30.02,34.13,26.61,0.02,77.08,1.87,False,
2015-07-24,3204.4,75,196,17.04468085106383,30.15,34.62,26.33,0.25,73.64,1.71,False,
2015-07-25,2237.25,57,135,16.69589552238806,30.17,34.42,26.02,5.96,72.54,1.77,False,
2015-07-26,1871.55,57,112,17.329166666666666,29.36,34.05,26.22,2.31,76.13,3.74,False,
2015-07-27,2172.0,53,129,17.238095238095237,29.31,34.1,25.1,1.11,75.26,3.15,False,
2015-07-28,2094.55,60,132,16.111923076923077,29.28,34.75,24.79,0.05,68.73,2.78,False,
2015-07-29,1923.25,49,116,16.723913043478262,29.01,34.49,23.76,0.1,71.34,2.92,False,
2015-07-30,2349.15,67,149,16.427622377622377,30.35,35.38,25.67,0.06,68.04,2.48,False,
2015-07-31,2095.4,68,132,15.995419847328243,29.58,33.84,25.55,5.45,70.69,2.4,False,
2015-08-01,2440.55,74,154,16.270333333333333,29.27,33.91,25.57,1.41,71.7,1.87,False,
2015-08-02,1910.15,48,114,17.365000000000002,28.98,33.8,25.25,6.3,70.87,1.04,False,
2015-08-03,1982.25,58,117,17.388157894736842,28.81,32.23,24.87,0.05,73.28,1.22,False,
2015-08-04,2090.15,58,122,17.27396694214876,31.78,36.38,25.67,0.03,59.94,1.08,False,
2015-08-05,2094.85,60,130,16.49488188976378,32.46,36.57,27.65,6.08,60.28,0.95,False,
2015-08-06,2099.25,61,132,15.903409090909092,31.91,36.18,27.89,7.19,64.01,1.38,False,
2015-08-07,2626.4,65,161,16.94451612903226,30.7,35.34,26.59,10.4,71.19,1.59,False,
2015-08-08,2716.4,69,167,16.463030303030305,29.76,33.64,26.35,22.71,76.37,1.72,False,
2015-08-09,2002.65,55,126,16.150403225806453,28.2,31.27,25.61,24.49,82.51,1.82,False,
2015-08-10,2139.45,59,125,17.253629032258065,30.43,34.63,25.38,7.23,69.25,1.0,False,
2015-08-11,2290.0,64,137,17.08955223880597,29.89,34.18,26.79,11.25,75.39,1.16,False,
2015-08-12,2365.75,54,144,16.543706293706293,29.7,33.3,25.59,3.86,76.23,0.85,False,
2015-08-13,2074.15,55,132,15.955,30.42,34.27,26.53,1.19,70.9,0.68,False,
2015-08-14,3016.6,81,188,16.305945945945947,30.97,34.18,27.26,1.66,73.42,0.66,False,
2015-08-15,2252.35,72,140,16.203956834532374,30.18,33.0,27.37,16.96,77.49,0.94,True,Independence Day
2015-08-16,2139.3,50,128,16.97857142857143,29.2,32.64,26.02,7.79,81.09,1.22,False,
2015-08-17,2626.0,62,161,16.833333333333332,29.81,33.8,25.5,1.93,75.36,1.37,False,
2015-08-18,2101.2,57,128,16.54488188976378,30.22,34.64,26.0,3.97,74.1,1.88,False,
2015-08-19,2332.95,56,138,17.54097744360902,29.33,33.54,25.65,8.02,75.38,3.0,False,
2015-08-20,1907.7,55,116,16.588695652173914,28.9,33.4,25.33,4.02,74.58,3.05,False,
2015-08-21,2601.4,69,163,16.15776397515528,28.41,32.8,24.19,12.68,75.86,2.49,False,
2015-08-22,2406.0,60,148,16.593103448275862,28.44,32.42,23.62,4.86,73.38,2.28,False,
2015-08-23,1701.6,48,105,16.84752475247525,28.02,31.69,23.99,30.19,80.34,2.09,False,
2015-08-24,1697.05,54,106,16.162380952380953,28.0,32.52,24.13,1.85,78.91,2.52,False,
2015-08-25,1958.9,53,115,17.490178571428572,28.34,33.6,23.9,0.0,73.54,2.67,False,
2015-08-26,2329.4,59,139,17.514285714285716,28.67,34.03,23.25,0.01,71.78,2.33,False,
2015-08-27,2117.65,59,128,16.941200000000002,29.05,33.66,23.58,10.03,69.88,1.35,False,
2015-08-28,2647.2,68,161,16.442236024844718,29.6,34.89,24.07,0.01,68.29,1.67,False,
2015-08-29,2035.0,60,123,16.68032786885246,29.47,34.98,24.49,5.38,70.99,1.93,False,
2015-08-30,1494.6,41,94,15.9,29.46,34.93,24.83,0.0,68.83,2.31,False,
2015-08-31,2081.35,57,126,16.6508,28.7,35.1,23.14,0.78,66.0,2.74,False,
2015-09-01,2352.85,61,146,16.453496503496503,28.63,34.94,23.14,0.01,60.38,2.94,False,
2015-09-02,1865.55,48,111,16.959545454545456,28.29,35.11,22.37,0.01,58.17,2.66,False,
2015-09-03,2252.6,59,138,16.936842105263157,28.34,35.1,21.27,0.79,58.59,2.25,False,
2015-09-04,2960.95,66,179,16.634550561797752,28.1,35.93,21.34,0.01,53.54,2.21,False,
2015-09-05,2537.8,59,153,16.806622516556292,28.1,36.0,21.18,0.0,51.1,2.54,True,Janmashtami (Vaishnava)
2015-09-06,1491.65,47,92,16.391758241758243,28.6,36.29,21.55,0.0,50.86,2.43,False,
2015-09-07,2283.35,60,140,16.546014492753624,28.95,36.45,22.0,0.0,52.16,2.32,False,
2015-09-08,2249.5,61,133,17.171755725190838,29.19,36.93,22.27,0.0,51.16,2.83,False,
2015-09-09,2580.1,59,157,16.753896103896103,29.28,37.86,21.73,0.0,48.71,2.87,False,
2015-09-10,2415.85,62,148,16.546917808219177,29.13,37.39,21.84,0.0,46.31,2.39,False,
2015-09-11,2761.9,77,167,16.73878787878788,29.26,37.46,20.89,0.0,46.92,1.99,False,
2015-09-12,2588.15,67,156,16.697741935483872,30.55,37.91,23.43,0.07,43.63,1.1,False,
2015-09-13,1838.15,49,108,17.506190476190476,31.08,36.65,25.79,1.29,43.47,0.77,False,
2015-09-14,2165.25,60,129,16.916015625,31.81,38.55,25.12,0.08,38.72,1.13,False,
2015-09-15,2550.2,65,158,16.452903225806452,31.83,38.98,25.21,0.0,37.36,1.06,False,
2015-09-16,2185.25,61,136,16.307835820895523,31.16,37.74,24.08,1.5,42.25,0.77,False,
2015-09-17,2242.05,58,138,16.60777777777778,32.06,37.9,26.21,0.0,43.6,0.72,False,
2015-09-18,2721.55,72,164,17.009687500000002,29.72,34.06,25.12,11.66,58.25,1.51,False,
2015-09-19,2286.55,59,141,16.812867647058823,29.97,35.96,23.56,3.31,65.12,1.76,False,
2015-09-20,1829.0,48,108,17.419047619047618,30.84,34.84,26.77,19.61,63.97,0.84,False,
2015-09-21,2131.45,57,132,16.78307086614173,30.56,34.91,26.63,6.22,62.78,0.75,False,
2015-09-22,2170.4,54,131,17.08976377952756,29.99,35.17,25.81,5.38,64.65,2.2,False,
2015-09-23,2163.0,60,133,16.767441860465116,27.63,33.63,23.56,0.62,65.38,2.72,False,
2015-09-24,0.0,0,0,0.0,26.77,34.22,21.26,0.0,49.99,2.61,False,
2015-09-25,0.0,0,0,0.0,26.63,34.51,19.12,0.0,44.84,2.07,True,Eid al-Adha
2015-09-26,2246.85,56,139,16.400364963503648,28.21,35.18,20.27,0.0,46.05,1.68,False,
2015-09-27,2314.7,61,139,16.7731884057971,28.33,35.45,22.57,0.01,48.3,1.41,False,
2015-09-28,2035.3,53,121,17.103361344537813,27.93,35.62,21.54,0.0,47.6,1.57,False,
2015-09-29,2762.05,60,163,17.262812500000003,27.13,35.82,19.46,0.0,44.3,1.96,False,
2015-09-30,2198.05,62,130,17.039147286821706,26.96,36.01,19.16,0.0,44.65,2.4,False,
2015-10-01,3202.15,84,194,16.853421052631578,27.23,36.02,18.74,0.0,40.67,1.67,False,
2015-10-02,2074.85,61,125,17.147520661157024,27.03,36.3,18.65,0.0,38.82,1.74,True,Mahatma Gandhi's Birthday
2015-10-03,2400.95,61,147,16.908098591549294,27.97,36.07,19.45,0.0,35.79,1.58,False,
2015-10-04,2142.2,52,128,17.1376,28.27,37.28,19.93,0.0,35.75,1.09,False,
2015-10-05,0.0,0,0,0.0,29.61,37.94,23.0,0.0,35.18,0.91,False,
2015-10-06,2215.95,61,136,16.787499999999998,28.34,36.12,21.88,0.0,40.94,1.64,False,
2015-10-07,2092.35,61,133,16.095,27.83,36.47,20.05,0.0,45.07,1.76,False,
2015-10-08,1975.85,49,119,17.181304347826085,27.84,36.28,20.5,0.0,43.8,1.94,False,
2015-10-09,2512.6,60,147,17.44861111111111,28.24,37.5,20.59,0.0,38.83,2.07,False,
2015-10-10,2310.2,61,141,16.50142857142857,28.39,37.41,19.81,0.0,35.41,2.2,False,
2015-10-11,1916.25,42,118,16.80921052631579,28.7,37.36,20.5,0.0,38.05,1.98,False,
2015-10-12,0.0,0,0,0.0,28.66,35.86,20.93,0.0,39.86,1.23,False,
2015-10-13,2325.95,58,141,16.49609929078014,28.2,34.62,22.49,0.75,46.2,1.01,False,
2015-10-14,2146.35,57,132,16.384351145038167,27.23,34.34,21.13,0.95,48.75,1.31,False,
2015-10-15,4320.2,107,262,16.744961240310076,27.16,34.07,21.96,0.22,47.99,0.99,False,
2015-10-16,2555.1,64,153,17.26418918918919,28.09,35.24,20.84,0.0,40.1,1.08,False,
2015-10-17,2339.8,55,140,17.59248120300752,27.51,34.55,20.78,0.01,41.38,1.25,False,
2015-10-18,1795.3,45,105,17.953,28.4,35.17,21.84,0.0,39.24,0.95,False,
2015-10-19,0.0,0,0,0.0,29.11,36.06,22.24,0.0,35.46,1.09,False,
2015-10-20,2437.15,63,154,16.03388157894737,28.34,35.71,23.19,0.0,38.01,1.52,False,
2015-10-21,2460.5,56,149,16.738095238095237,25.53,33.61,19.32,0.44,43.82,1.63,False,
2015-10-22,2400.9,57,145,16.78951048951049,23.64,33.31,16.06,0.02,35.83,1.88,True,Dussehra
2015-10-23,2610.65,72,154,16.952272727272728,23.65,33.29,14.91,0.0,31.16,1.88,False,
2015-10-24,2679.5,59,160,17.17628205128205,25.33,33.41,16.83,0.0,30.78,1.2,True,Ashura
2015-10-25,1837.05,45,114,16.700454545454544,25.23,34.2,17.34,0.0,32.81,1.51,False,
2015-10-26,0.0,0,0,0.0,24.61,32.41,18.04,0.03,36.48,1.43,False,
2015-10-27,1988.65,62,120,16.852966101694918,23.48,31.52,16.75,0.46,42.53,1.62,False,
2015-10-28,1635.95,63,104,15.883009708737864,19.16,21.97,15.49,7.39,64.59,1.74,False,
2015-10-29,2169.75,59,131,17.084645669291337,21.08,28.49,14.38,0.0,57.25,0.92,False,
2015-10-30,2736.6,63,166,16.68658536585366,22.0,29.51,16.15,1.0,47.99,1.2,False,
2015-10-31,2744.85,69,165,17.26320754716981,22.86,30.9,15.61,0.0,40.64,1.09,False,
2015-11-01,1986.65,55,124,16.151626016260163,22.95,30.32,17.01,0.0,41.23,0.91,False,
2015-11-02,2299.1,56,138,16.78175182481752,23.31,30.76,16.32,0.0,43.18,1.09,False,
2015-11-03,1828.55,49,114,16.326339285714287,23.89,30.6,18.12,0.0,44.47,1.12,False,
2015-11-04,1966.1,49,121,16.248760330578513,24.64,30.77,19.54,0.0,41.71,0.81,False,
2015-11-05,2180.35,58,124,17.583467741935483,24.93,30.9,18.02,0.77,41.5,0.95,False,
2015-11-06,3157.5,73,190,17.06756756756757,24.05,30.7,19.33,0.01,41.03,1.18,False,
2015-11-07,2580.95,61,156,16.54455128205128,22.38,29.91,15.98,0.0,41.75,1.01,False,
2015-11-08,2110.15,48,127,16.8812,22.26,28.6,17.62,0.02,44.41,1.24,False,
2015-11-09,2483.75,61,151,17.011986301369863,23.55,31.28,16.88,0.0,44.2,1.16,False,
2015-11-10,2042.6,62,126,16.742622950819673,23.48,30.57,18.77,0.0,46.27,1.3,False,
2015-11-11,1946.2,48,118,16.77758620689655,22.25,30.96,16.3,0.0,39.76,2.76,True,Diwali (Deepavali)
2015-11-12,2564.8,59,153,17.44761904761905,21.69,30.91,14.73,0.0,42.43,2.38,False,
2015-11-13,2264.55,67,141,16.291726618705038,22.37,30.95,15.49,0.0,42.78,2.41,False,
2015-11-14,2324.75,58,142,16.605357142857144,22.78,30.45,16.97,0.0,50.59,2.09,False,
2015-11-15,1821.65,45,113,16.12079646017699,23.53,31.16,17.19,0.0,40.31,1.25,False,
2015-11-16,2256.65,61,136,16.715925925925927,21.67,29.64,16.04,0.0,41.01,1.94,False,
2015-11-17,1956.55,49,117,17.314601769911505,19.34,29.02,12.27,0.0,27.78,2.22,False,
2015-11-18,2111.7,46,130,17.45206611570248,18.67,28.98,10.45,0.0,29.84,1.84,False,
2015-11-19,2694.9,67,162,16.738509316770187,18.87,28.53,11.44,0.0,29.49,1.34,False,
2015-11-20,2388.1,65,148,16.245578231292516,19.57,28.84,12.64,0.0,29.45,1.17,False,
2015-11-21,2083.95,61,131,16.154651162790696,19.93,28.97,12.41,0.0,34.37,1.1,False,
2015-11-22,1368.7,43,84,16.691463414634146,19.99,29.11,12.5,0.0,31.29,1.44,False,
2015-11-23,2465.15,56,148,17.360211267605635,19.82,28.58,12.52,0.0,27.84,1.25,False,
2015-11-24,2230.05,52,131,17.287209302325582,19.19,28.73,12.29,0.0,32.04,1.98,False,
2015-11-25,2363.25,61,144,16.76063829787234,20.32,30.42,12.87,0.0,29.82,2.82,True,Guru Nanak's Birthday
2015-11-26,4405.95,113,266,16.88103448275862,20.96,27.18,15.32,0.11,33.03,1.23,False,
2015-11-27,4422.45,115,264,17.075096525096523,20.68,27.75,15.13,0.11,47.67,1.1,False,
2015-11-28,1968.05,48,118,16.96594827586207,20.37,27.22,15.9,0.0,52.14,1.41,False,
2015-11-29,1899.0,46,115,17.10810810810811,19.69,28.14,12.52,0.0,37.87,1.16,False,
2015-11-30,2223.25,60,134,16.84280303030303,20.18,29.64,13.61,0.0,38.77,1.19,False,
2015-12-01,2076.7,61,131,16.0984496124031,20.37,29.18,13.24,0.34,39.84,1.29,False,
2015-12-02,2214.1,59,132,16.90152671755725,18.1,25.56,12.84,1.19,43.29,1.7,False,
2015-12-03,2243.2,56,136,16.86616541353383,18.21,27.19,11.73,0.0,41.63,2.43,False,
2015-12-04,2878.35,72,176,16.6378612716763,18.16,27.29,10.6,0.0,35.83,2.19,False,
2015-12-05,2627.95,61,160,16.63259493670886,18.95,27.86,12.52,0.0,28.37,1.3,False,
2015-12-06,2350.25,55,144,16.7875,19.21,26.97,12.09,0.0,24.43,0.79,False,
2015-12-07,2414.8,59,150,16.42721088435374,19.66,27.24,12.47,0.0,27.09,1.03,False,
2015-12-08,1856.25,50,110,17.029816513761467,20.13,28.64,13.68,0.0,28.01,0.88,False,
2015-12-09,2571.55,65,160,16.484294871794873,18.52,26.65,11.13,0.0,31.57,1.54,False,
2015-12-10,1985.6,62,118,16.827118644067795,18.88,28.37,11.55,0.0,32.99,1.69,False,
2015-12-11,2634.0,73,164,16.36024844720497,18.08,25.38,12.91,0.03,36.71,1.76,False,
2015-12-12,1960.15,56,127,15.6812,14.89,22.9,8.72,0.0,31.61,2.22,False,
2015-12-13,2245.15,52,130,17.818650793650793,13.7,22.08,7.31,0.0,28.44,1.94,False,
2015-12-14,2172.6,58,131,16.58473282442748,13.11,22.3,7.01,0.0,26.99,2.46,False,
2015-12-15,2387.45,58,146,16.813028169014082,12.97,23.77,5.3,0.0,21.62,2.38,False,
2015-12-16,2234.8,69,133,16.803007518796996,14.98,24.45,6.49,0.0,18.58,0.96,False,
2015-12-17,1880.75,57,113,17.097727272727273,14.84,22.84,9.04,0.0,18.46,1.05,False,
2015-12-18,2886.3,76,176,16.58793103448276,12.72,22.46,5.75,0.0,22.98,2.26,False,
2015-12-19,2304.2,59,139,16.69710144927536,13.97,23.12,5.11,0.0,20.93,1.63,False,
2015-12-20,2104.9,53,124,17.253278688524592,14.01,22.19,7.77,0.0,20.22,0.97,False,
2015-12-21,2100.7,55,130,16.41171875,12.84,21.66,4.72,0.0,26.35,1.34,False,
2015-12-22,1882.95,58,114,16.963513513513515,13.23,20.81,7.48,0.0,30.39,1.14,False,
2015-12-23,2244.3,56,134,17.263846153846156,12.19,20.3,5.26,0.0,29.34,1.58,False,
2015-12-24,2137.85,56,131,16.572480620155037,12.35,20.46,6.88,0.0,28.11,2.55,True,Prophet's Birthday
2015-12-25,0.0,0,0,0.0,11.12,21.24,3.26,0.0,22.33,2.26,True,Christmas
2015-12-26,1643.05,38,95,17.295263157894738,14.0,25.11,5.95,0.0,16.66,2.52,False,
2015-12-27,1419.0,35,89,16.310344827586206,16.15,25.58,9.66,0.0,18.21,2.41,False,
2015-12-28,1637.2,39,102,16.050980392156863,17.69,26.72,11.03,0.0,30.0,2.78,False,
2015-12-29,1353.25,27,80,17.574675324675326,17.61,27.01,11.61,0.0,30.47,2.86,False,
2015-12-30,1337.8,32,82,18.326027397260276,16.7,25.98,9.3,0.0,24.76,1.57,False,
2015-12-31,2916.0,73,178,17.05263157894737,15.62,25.67,7.99,0.0,28.02,1.46,False,
