date,district,state,temp_min_c,temp_max_c,humidity_pct,rainfall_mm,wind_speed_kmph,pressure_hpa,weather_condition
2026-01-01,Gautam Buddha Nagar,Uttar Pradesh,0.3,13.4,54.2,0.0,5.9,1018.3,Clear
2026-01-02,Gautam Buddha Nagar,Uttar Pradesh,1.4,12.1,55.8,0.0,3.8,1014.5,Clear
2026-01-03,Gautam Buddha Nagar,Uttar Pradesh,1.0,13.9,35.0,0.0,7.2,1018.3,Clear
2026-01-04,Gautam Buddha Nagar,Uttar Pradesh,1.2,15.9,64.2,0.0,9.7,1017.2,Clear
2026-01-05,Gautam Buddha Nagar,Uttar Pradesh,-0.4,12.1,58.5,0.0,11.4,1016.3,Clear
2026-01-06,Gautam Buddha Nagar,Uttar Pradesh,1.1,12.1,65.0,0.0,6.8,1016.9,Clear
2026-01-07,Gautam Buddha Nagar,Uttar Pradesh,1.9,16.2,26.0,0.0,7.3,1018.9,Clear
2026-01-08,Gautam Buddha Nagar,Uttar Pradesh,3.6,14.5,75.9,0.0,5.3,1020.7,Clear
2026-01-09,Gautam Buddha Nagar,Uttar Pradesh,2.8,11.9,53.6,0.0,8.9,1019.1,Cold
2026-01-10,Gautam Buddha Nagar,Uttar Pradesh,5.0,14.2,66.1,0.0,5.6,1017.7,Clear
2026-01-11,Gautam Buddha Nagar,Uttar Pradesh,-0.3,12.1,44.6,0.0,11.3,1019.2,Clear
2026-01-12,Gautam Buddha Nagar,Uttar Pradesh,2.7,12.2,61.1,0.0,1.9,1017.8,Clear
2026-01-13,Gautam Buddha Nagar,Uttar Pradesh,1.5,13.8,44.5,0.0,7.6,1017.4,Clear
2026-01-14,Gautam Buddha Nagar,Uttar Pradesh,5.1,9.2,48.8,0.0,10.2,1016.7,Cold
2026-01-15,Gautam Buddha Nagar,Uttar Pradesh,-0.2,9.7,74.1,0.0,9.7,1015.8,Cold
2026-01-16,Gautam Buddha Nagar,Uttar Pradesh,-0.2,12.4,53.1,0.0,19.8,1017.8,Clear
2026-01-17,Gautam Buddha Nagar,Uttar Pradesh,0.3,11.5,57.2,0.0,10.4,1018.5,Cold
2026-01-18,Gautam Buddha Nagar,Uttar Pradesh,-2.4,14.6,63.7,0.0,5.0,1018.1,Clear
2026-01-19,Gautam Buddha Nagar,Uttar Pradesh,0.5,12.0,60.0,0.0,8.6,1017.6,Cold
2026-01-20,Gautam Buddha Nagar,Uttar Pradesh,0.1,11.0,56.5,0.0,1.9,1016.7,Cold
2026-01-21,Gautam Buddha Nagar,Uttar Pradesh,1.8,17.5,58.6,0.0,8.7,1019.0,Clear
2026-01-22,Gautam Buddha Nagar,Uttar Pradesh,2.3,13.9,79.0,0.0,5.7,1016.1,Clear
2026-01-23,Gautam Buddha Nagar,Uttar Pradesh,5.1,14.7,54.4,0.0,12.7,1019.2,Clear
2026-01-24,Gautam Buddha Nagar,Uttar Pradesh,3.5,11.5,57.0,0.0,6.8,1016.4,Cold
2026-01-25,Gautam Buddha Nagar,Uttar Pradesh,0.8,13.6,65.5,0.0,8.5,1016.7,Clear
2026-01-26,Gautam Buddha Nagar,Uttar Pradesh,0.3,15.2,66.1,0.0,6.5,1015.6,Clear
2026-01-27,Gautam Buddha Nagar,Uttar Pradesh,2.9,12.6,66.9,0.0,16.0,1017.0,Clear
2026-01-28,Gautam Buddha Nagar,Uttar Pradesh,-0.3,16.1,61.4,0.0,7.7,1019.1,Clear
2026-01-29,Gautam Buddha Nagar,Uttar Pradesh,5.5,14.1,43.6,0.0,16.3,1018.4,Clear
2026-01-30,Gautam Buddha Nagar,Uttar Pradesh,4.4,15.0,71.3,0.0,12.3,1019.0,Clear
2026-01-31,Gautam Buddha Nagar,Uttar Pradesh,1.6,14.5,43.5,0.0,10.9,1018.3,Clear
2026-02-01,Gautam Buddha Nagar,Uttar Pradesh,-0.6,20.0,58.0,0.0,10.5,1015.8,Clear
2026-02-02,Gautam Buddha Nagar,Uttar Pradesh,5.1,16.1,47.5,0.0,10.6,1016.8,Clear
2026-02-03,Gautam Buddha Nagar,Uttar Pradesh,2.5,14.0,54.4,0.0,1.3,1016.1,Clear
2026-02-04,Gautam Buddha Nagar,Uttar Pradesh,5.1,18.3,58.3,0.0,7.9,1019.2,Clear
2026-02-05,Gautam Buddha Nagar,Uttar Pradesh,0.1,14.0,58.2,0.0,12.4,1015.3,Clear
2026-02-06,Gautam Buddha Nagar,Uttar Pradesh,2.0,17.3,59.2,0.0,8.8,1018.4,Clear
2026-02-07,Gautam Buddha Nagar,Uttar Pradesh,3.2,12.8,71.1,0.0,3.4,1018.3,Clear
2026-02-08,Gautam Buddha Nagar,Uttar Pradesh,3.4,14.3,59.5,0.0,8.8,1019.6,Clear
2026-02-09,Gautam Buddha Nagar,Uttar Pradesh,2.6,17.9,52.6,0.0,15.8,1016.2,Clear
2026-02-10,Gautam Buddha Nagar,Uttar Pradesh,4.7,19.3,64.6,0.0,14.0,1017.8,Clear
2026-02-11,Gautam Buddha Nagar,Uttar Pradesh,1.8,18.2,66.9,0.0,8.8,1020.1,Clear
2026-02-12,Gautam Buddha Nagar,Uttar Pradesh,3.6,17.8,42.7,0.0,12.8,1015.6,Clear
2026-02-13,Gautam Buddha Nagar,Uttar Pradesh,4.2,17.6,61.0,0.0,7.5,1014.2,Clear
2026-02-14,Gautam Buddha Nagar,Uttar Pradesh,5.1,15.2,62.0,0.0,2.2,1013.6,Clear
2026-02-15,Gautam Buddha Nagar,Uttar Pradesh,5.6,17.1,52.0,0.0,5.3,1017.4,Clear
2026-02-16,Gautam Buddha Nagar,Uttar Pradesh,2.4,17.9,68.8,0.0,15.3,1013.4,Clear
2026-02-17,Gautam Buddha Nagar,Uttar Pradesh,1.8,21.5,53.5,0.0,7.9,1015.6,Clear
2026-02-18,Gautam Buddha Nagar,Uttar Pradesh,7.0,20.1,56.3,0.0,8.0,1016.7,Clear
2026-02-19,Gautam Buddha Nagar,Uttar Pradesh,5.5,15.7,53.3,0.0,7.8,1016.2,Clear
2026-02-20,Gautam Buddha Nagar,Uttar Pradesh,3.7,20.5,55.2,0.0,16.6,1016.5,Clear
2026-02-21,Gautam Buddha Nagar,Uttar Pradesh,8.0,19.2,44.0,0.0,15.5,1016.1,Clear
2026-02-22,Gautam Buddha Nagar,Uttar Pradesh,5.6,18.8,40.6,0.0,17.9,1017.6,Clear
2026-02-23,Gautam Buddha Nagar,Uttar Pradesh,7.7,21.9,70.9,0.0,8.4,1014.2,Clear
2026-02-24,Gautam Buddha Nagar,Uttar Pradesh,5.9,23.0,46.5,0.0,10.2,1014.5,Clear
2026-02-25,Gautam Buddha Nagar,Uttar Pradesh,9.6,23.0,45.1,0.0,2.9,1014.2,Clear
2026-02-26,Gautam Buddha Nagar,Uttar Pradesh,9.2,19.4,33.5,0.0,14.9,1016.6,Clear
2026-02-27,Gautam Buddha Nagar,Uttar Pradesh,5.8,20.8,48.6,0.0,4.3,1016.6,Clear
2026-02-28,Gautam Buddha Nagar,Uttar Pradesh,8.2,22.4,41.8,0.0,9.9,1015.8,Clear
2026-03-01,Gautam Buddha Nagar,Uttar Pradesh,7.8,24.1,53.5,0.0,4.6,1016.8,Clear
2026-03-02,Gautam Buddha Nagar,Uttar Pradesh,9.3,21.1,47.2,0.0,6.6,1013.2,Clear
2026-03-03,Gautam Buddha Nagar,Uttar Pradesh,5.3,22.0,40.8,0.0,5.7,1017.3,Clear
2026-03-04,Gautam Buddha Nagar,Uttar Pradesh,8.4,20.2,32.7,6.0,6.6,1017.0,Light Rain
2026-03-05,Gautam Buddha Nagar,Uttar Pradesh,9.3,20.3,25.4,0.0,6.8,1015.7,Clear
2026-03-06,Gautam Buddha Nagar,Uttar Pradesh,4.4,25.0,31.3,0.0,6.8,1017.2,Clear
2026-03-07,Gautam Buddha Nagar,Uttar Pradesh,5.6,26.4,45.9,0.0,12.3,1011.9,Clear
2026-03-08,Gautam Buddha Nagar,Uttar Pradesh,4.3,23.5,53.8,0.0,4.6,1013.5,Clear
2026-03-09,Gautam Buddha Nagar,Uttar Pradesh,7.7,26.1,50.4,0.0,9.9,1013.1,Clear
2026-03-10,Gautam Buddha Nagar,Uttar Pradesh,9.7,25.0,30.1,0.0,13.9,1015.2,Clear
2026-03-11,Gautam Buddha Nagar,Uttar Pradesh,11.3,23.0,23.8,15.8,6.9,1012.5,Heavy Rain
2026-03-12,Gautam Buddha Nagar,Uttar Pradesh,8.9,25.5,36.4,0.0,6.1,1015.1,Clear
2026-03-13,Gautam Buddha Nagar,Uttar Pradesh,11.9,28.3,17.3,0.0,8.1,1015.9,Clear
2026-03-14,Gautam Buddha Nagar,Uttar Pradesh,6.7,25.1,38.2,0.0,13.7,1014.8,Clear
2026-03-15,Gautam Buddha Nagar,Uttar Pradesh,6.3,28.9,33.5,0.0,9.8,1014.0,Clear
2026-03-16,Gautam Buddha Nagar,Uttar Pradesh,9.5,19.9,30.3,0.0,6.9,1012.0,Clear
2026-03-17,Gautam Buddha Nagar,Uttar Pradesh,10.5,27.8,19.1,0.0,10.9,1012.1,Clear
2026-03-18,Gautam Buddha Nagar,Uttar Pradesh,10.0,26.4,40.1,0.0,4.6,1015.2,Clear
2026-03-19,Gautam Buddha Nagar,Uttar Pradesh,6.5,25.8,29.7,0.0,11.7,1014.4,Clear
2026-03-20,Gautam Buddha Nagar,Uttar Pradesh,10.3,26.9,23.3,0.0,10.6,1013.0,Clear
2026-03-21,Gautam Buddha Nagar,Uttar Pradesh,8.3,22.6,10.0,0.0,7.8,1012.4,Clear
2026-03-22,Gautam Buddha Nagar,Uttar Pradesh,12.1,26.8,34.7,0.0,5.6,1009.9,Clear
2026-03-23,Gautam Buddha Nagar,Uttar Pradesh,11.8,28.3,52.7,4.7,5.5,1011.2,Light Rain
2026-03-24,Gautam Buddha Nagar,Uttar Pradesh,9.6,31.0,51.6,0.0,11.1,1015.6,Clear
2026-03-25,Gautam Buddha Nagar,Uttar Pradesh,10.6,26.9,30.4,0.0,13.9,1010.7,Clear
2026-03-26,Gautam Buddha Nagar,Uttar Pradesh,9.9,26.5,29.0,0.0,6.5,1012.8,Clear
2026-03-27,Gautam Buddha Nagar,Uttar Pradesh,11.9,27.4,39.7,0.0,10.8,1013.9,Clear
2026-03-28,Gautam Buddha Nagar,Uttar Pradesh,13.9,30.8,25.0,2.9,1.0,1010.4,Light Rain
2026-03-29,Gautam Buddha Nagar,Uttar Pradesh,10.7,29.8,38.0,0.0,6.7,1012.5,Clear
2026-03-30,Gautam Buddha Nagar,Uttar Pradesh,13.6,28.1,42.7,4.7,8.9,1013.5,Light Rain
2026-03-31,Gautam Buddha Nagar,Uttar Pradesh,11.9,30.7,47.3,0.0,5.4,1012.0,Clear
2026-04-01,Gautam Buddha Nagar,Uttar Pradesh,11.7,30.0,34.0,0.0,5.3,1016.2,Clear
2026-04-02,Gautam Buddha Nagar,Uttar Pradesh,13.1,32.2,33.0,0.0,6.3,1009.3,Clear
2026-04-03,Gautam Buddha Nagar,Uttar Pradesh,11.7,28.8,26.2,0.0,10.2,1013.3,Clear
2026-04-04,Gautam Buddha Nagar,Uttar Pradesh,12.8,29.9,26.7,0.0,8.3,1011.3,Clear
2026-04-05,Gautam Buddha Nagar,Uttar Pradesh,11.8,30.0,32.7,0.0,1.0,1012.6,Clear
2026-04-06,Gautam Buddha Nagar,Uttar Pradesh,17.8,27.9,38.7,0.0,1.0,1012.0,Clear
2026-04-07,Gautam Buddha Nagar,Uttar Pradesh,14.5,32.0,44.1,0.0,6.6,1010.2,Clear
2026-04-08,Gautam Buddha Nagar,Uttar Pradesh,13.4,32.1,27.0,0.0,10.8,1011.5,Clear
2026-04-09,Gautam Buddha Nagar,Uttar Pradesh,15.3,31.8,49.9,0.0,1.0,1008.3,Clear
2026-04-10,Gautam Buddha Nagar,Uttar Pradesh,14.9,31.5,32.3,0.0,7.0,1011.9,Clear
2026-04-11,Gautam Buddha Nagar,Uttar Pradesh,14.9,29.2,34.8,0.0,6.9,1011.3,Clear
2026-04-12,Gautam Buddha Nagar,Uttar Pradesh,16.7,31.6,27.5,0.0,14.6,1011.7,Clear
2026-04-13,Gautam Buddha Nagar,Uttar Pradesh,17.1,32.0,10.8,0.0,7.5,1012.3,Clear
2026-04-14,Gautam Buddha Nagar,Uttar Pradesh,15.1,31.3,43.8,0.0,10.5,1011.1,Clear
2026-04-15,Gautam Buddha Nagar,Uttar Pradesh,15.2,32.9,42.4,0.0,9.6,1010.7,Clear
2026-04-16,Gautam Buddha Nagar,Uttar Pradesh,16.0,34.4,32.2,13.4,1.0,1009.1,Light Rain
2026-04-17,Gautam Buddha Nagar,Uttar Pradesh,12.5,37.9,35.7,0.0,12.1,1009.2,Clear
2026-04-18,Gautam Buddha Nagar,Uttar Pradesh,14.2,34.3,40.2,0.0,9.9,1012.0,Clear
2026-04-19,Gautam Buddha Nagar,Uttar Pradesh,19.6,34.7,19.4,0.0,11.0,1012.3,Clear
2026-04-20,Gautam Buddha Nagar,Uttar Pradesh,20.3,34.2,29.7,0.0,24.7,1009.7,Clear
2026-04-21,Gautam Buddha Nagar,Uttar Pradesh,17.1,30.4,42.9,0.0,1.0,1010.0,Clear
2026-04-22,Gautam Buddha Nagar,Uttar Pradesh,18.8,34.8,22.5,0.0,15.9,1008.5,Clear
2026-04-23,Gautam Buddha Nagar,Uttar Pradesh,18.5,35.2,37.9,0.0,7.9,1011.5,Clear
2026-04-24,Gautam Buddha Nagar,Uttar Pradesh,23.7,40.7,21.4,0.0,10.1,1010.7,Hot
2026-04-25,Gautam Buddha Nagar,Uttar Pradesh,20.4,35.1,39.7,15.1,8.8,1012.5,Heavy Rain
2026-04-26,Gautam Buddha Nagar,Uttar Pradesh,18.4,36.4,34.6,0.0,7.3,1008.2,Clear
2026-04-27,Gautam Buddha Nagar,Uttar Pradesh,17.1,35.8,18.8,0.0,6.7,1008.9,Clear
2026-04-28,Gautam Buddha Nagar,Uttar Pradesh,16.1,33.6,46.6,0.0,10.3,1009.7,Clear
2026-04-29,Gautam Buddha Nagar,Uttar Pradesh,19.6,38.8,27.7,0.0,2.9,1010.2,Hot
2026-04-30,Gautam Buddha Nagar,Uttar Pradesh,18.1,38.2,26.9,0.0,12.0,1008.9,Hot
2026-05-01,Gautam Buddha Nagar,Uttar Pradesh,17.1,38.5,37.0,0.0,7.3,1007.8,Hot
2026-05-02,Gautam Buddha Nagar,Uttar Pradesh,18.7,34.9,46.5,0.0,4.5,1010.4,Clear
2026-05-03,Gautam Buddha Nagar,Uttar Pradesh,18.1,40.2,24.8,0.0,7.2,1010.0,Hot
2026-05-04,Gautam Buddha Nagar,Uttar Pradesh,23.3,34.2,35.6,0.0,14.0,1007.5,Clear
2026-05-05,Gautam Buddha Nagar,Uttar Pradesh,22.0,38.8,39.3,0.0,6.9,1010.8,Hot
2026-05-06,Gautam Buddha Nagar,Uttar Pradesh,20.6,42.5,41.9,17.2,10.4,1010.5,Heavy Rain
2026-05-07,Gautam Buddha Nagar,Uttar Pradesh,23.5,35.7,36.8,0.0,6.1,1008.9,Clear
2026-05-08,Gautam Buddha Nagar,Uttar Pradesh,21.1,36.8,31.3,0.0,12.0,1008.7,Clear
2026-05-09,Gautam Buddha Nagar,Uttar Pradesh,19.6,38.4,26.7,0.0,11.7,1009.3,Hot
2026-05-10,Gautam Buddha Nagar,Uttar Pradesh,24.1,37.3,35.9,0.0,16.4,1007.2,Clear
2026-05-11,Gautam Buddha Nagar,Uttar Pradesh,22.5,35.1,24.3,0.0,8.3,1008.4,Clear
2026-05-12,Gautam Buddha Nagar,Uttar Pradesh,19.9,38.9,10.0,0.0,11.7,1005.1,Hot
2026-05-13,Gautam Buddha Nagar,Uttar Pradesh,21.6,36.5,39.4,0.0,9.4,1009.6,Clear
2026-05-14,Gautam Buddha Nagar,Uttar Pradesh,20.5,40.1,44.0,0.0,14.2,1005.8,Hot
2026-05-15,Gautam Buddha Nagar,Uttar Pradesh,19.8,37.2,11.4,0.0,6.1,1010.4,Clear
2026-05-16,Gautam Buddha Nagar,Uttar Pradesh,24.1,42.7,24.9,0.0,12.0,1007.6,Hot
2026-05-17,Gautam Buddha Nagar,Uttar Pradesh,26.0,37.7,41.2,0.0,8.2,1007.7,Clear
2026-05-18,Gautam Buddha Nagar,Uttar Pradesh,20.3,38.9,55.6,0.0,8.7,1007.0,Hot
2026-05-19,Gautam Buddha Nagar,Uttar Pradesh,23.9,41.5,35.2,0.0,9.4,1007.5,Hot
2026-05-20,Gautam Buddha Nagar,Uttar Pradesh,21.9,37.2,27.7,17.8,10.0,1010.0,Heavy Rain
2026-05-21,Gautam Buddha Nagar,Uttar Pradesh,22.4,40.5,33.2,0.0,8.5,1004.1,Hot
2026-05-22,Gautam Buddha Nagar,Uttar Pradesh,22.3,43.0,48.7,0.0,9.9,1009.7,Hot
2026-05-23,Gautam Buddha Nagar,Uttar Pradesh,22.0,36.7,28.5,0.0,15.3,1008.2,Clear
2026-05-24,Gautam Buddha Nagar,Uttar Pradesh,23.8,40.8,27.0,0.0,12.9,1005.8,Hot
2026-05-25,Gautam Buddha Nagar,Uttar Pradesh,22.4,41.1,30.2,0.0,12.5,1006.0,Hot
2026-05-26,Gautam Buddha Nagar,Uttar Pradesh,24.5,42.3,25.5,0.0,7.2,1010.1,Hot
2026-05-27,Gautam Buddha Nagar,Uttar Pradesh,24.1,38.0,36.2,0.0,5.4,1006.1,Clear
2026-05-28,Gautam Buddha Nagar,Uttar Pradesh,23.9,37.9,51.2,0.0,12.8,1005.7,Clear
2026-05-29,Gautam Buddha Nagar,Uttar Pradesh,22.8,42.1,38.2,0.0,12.5,1009.1,Hot
2026-05-30,Gautam Buddha Nagar,Uttar Pradesh,23.5,41.7,32.5,0.0,14.9,1007.9,Hot
2026-05-31,Gautam Buddha Nagar,Uttar Pradesh,26.0,41.6,32.1,0.0,6.6,1006.0,Hot
2026-06-01,Gautam Buddha Nagar,Uttar Pradesh,25.7,41.9,70.8,0.0,13.1,1007.7,Hot
2026-06-02,Gautam Buddha Nagar,Uttar Pradesh,23.2,39.8,71.1,0.0,7.4,1005.8,Hot
2026-06-03,Gautam Buddha Nagar,Uttar Pradesh,25.2,41.9,83.4,15.8,12.4,1008.9,Heavy Rain
2026-06-04,Gautam Buddha Nagar,Uttar Pradesh,26.5,42.1,80.5,0.0,18.0,1008.8,Humid
2026-06-05,Gautam Buddha Nagar,Uttar Pradesh,22.3,39.9,89.8,0.0,12.1,1008.0,Humid
2026-06-06,Gautam Buddha Nagar,Uttar Pradesh,26.4,45.7,79.7,0.0,16.6,1007.7,Hot
2026-06-07,Gautam Buddha Nagar,Uttar Pradesh,24.3,42.7,72.1,0.0,13.2,1009.8,Hot
2026-06-08,Gautam Buddha Nagar,Uttar Pradesh,26.6,39.0,79.7,8.7,15.3,1007.1,Light Rain
2026-06-09,Gautam Buddha Nagar,Uttar Pradesh,24.3,43.2,83.9,9.0,9.4,1005.3,Light Rain
2026-06-10,Gautam Buddha Nagar,Uttar Pradesh,22.5,39.6,81.6,0.0,14.3,1007.8,Humid
2026-06-11,Gautam Buddha Nagar,Uttar Pradesh,23.0,43.5,79.1,37.3,2.0,1010.2,Heavy Rain
2026-06-12,Gautam Buddha Nagar,Uttar Pradesh,26.1,44.4,83.5,0.0,13.3,1005.5,Humid
2026-06-13,Gautam Buddha Nagar,Uttar Pradesh,26.5,40.1,84.4,0.0,7.5,1006.5,Humid
2026-06-14,Gautam Buddha Nagar,Uttar Pradesh,24.5,44.0,86.1,55.2,18.8,1007.7,Heavy Rain
2026-06-15,Gautam Buddha Nagar,Uttar Pradesh,27.4,42.8,80.2,0.0,17.1,1006.9,Humid
2026-06-16,Gautam Buddha Nagar,Uttar Pradesh,23.3,43.8,73.7,36.3,15.9,1005.5,Heavy Rain
2026-06-17,Gautam Buddha Nagar,Uttar Pradesh,26.2,46.1,76.2,53.7,20.1,1008.7,Heavy Rain
2026-06-18,Gautam Buddha Nagar,Uttar Pradesh,24.3,41.4,84.7,0.0,10.2,1010.5,Humid
2026-06-19,Gautam Buddha Nagar,Uttar Pradesh,25.3,40.3,68.5,0.0,21.0,1007.3,Hot
2026-06-20,Gautam Buddha Nagar,Uttar Pradesh,26.6,40.0,77.9,21.8,17.7,1005.6,Heavy Rain
2026-06-21,Gautam Buddha Nagar,Uttar Pradesh,25.1,40.2,71.9,22.5,13.1,1004.7,Heavy Rain
2026-06-22,Gautam Buddha Nagar,Uttar Pradesh,26.0,41.8,75.2,0.0,18.5,1007.4,Hot
2026-06-23,Gautam Buddha Nagar,Uttar Pradesh,28.5,42.7,85.2,0.0,9.6,1008.7,Humid
2026-06-24,Gautam Buddha Nagar,Uttar Pradesh,25.7,42.6,76.5,0.0,10.7,1007.7,Hot
2026-06-25,Gautam Buddha Nagar,Uttar Pradesh,28.3,43.8,75.4,16.5,11.6,1007.0,Heavy Rain
2026-06-26,Gautam Buddha Nagar,Uttar Pradesh,24.8,42.0,64.1,30.5,11.9,1006.1,Heavy Rain
2026-06-27,Gautam Buddha Nagar,Uttar Pradesh,27.8,45.1,81.0,12.7,9.8,1005.4,Light Rain
2026-06-28,Gautam Buddha Nagar,Uttar Pradesh,29.5,41.3,80.2,0.0,18.9,1008.3,Humid
2026-06-29,Gautam Buddha Nagar,Uttar Pradesh,22.5,47.8,92.3,23.7,13.0,1008.4,Heavy Rain
2026-06-30,Gautam Buddha Nagar,Uttar Pradesh,25.5,43.2,72.5,13.5,15.4,1004.8,Light Rain
2026-07-01,Gautam Buddha Nagar,Uttar Pradesh,28.0,39.9,76.8,0.0,11.7,1009.5,Hot
2026-07-02,Gautam Buddha Nagar,Uttar Pradesh,26.6,39.3,77.0,29.9,6.7,1008.0,Heavy Rain
2026-07-03,Gautam Buddha Nagar,Uttar Pradesh,27.7,42.7,87.6,0.0,15.1,1009.2,Humid
2026-07-04,Gautam Buddha Nagar,Uttar Pradesh,25.9,41.1,74.2,0.0,6.4,1005.2,Hot
2026-07-05,Gautam Buddha Nagar,Uttar Pradesh,27.2,43.1,77.2,0.0,13.7,1005.1,Hot
2026-07-06,Gautam Buddha Nagar,Uttar Pradesh,26.7,42.5,79.9,7.9,8.5,1007.0,Light Rain
2026-07-07,Gautam Buddha Nagar,Uttar Pradesh,29.1,41.2,76.5,12.9,21.9,1008.0,Light Rain
2026-07-08,Gautam Buddha Nagar,Uttar Pradesh,27.4,39.4,71.4,0.0,17.6,1010.0,Hot
2026-07-09,Gautam Buddha Nagar,Uttar Pradesh,27.6,37.9,76.6,0.0,14.4,1008.4,Clear
2026-07-10,Gautam Buddha Nagar,Uttar Pradesh,26.2,40.2,83.6,0.0,19.1,1007.0,Humid
2026-07-11,Gautam Buddha Nagar,Uttar Pradesh,26.1,42.9,66.8,31.4,10.6,1005.8,Heavy Rain
2026-07-12,Gautam Buddha Nagar,Uttar Pradesh,26.1,41.4,76.1,0.0,16.2,1009.3,Hot
2026-07-13,Gautam Buddha Nagar,Uttar Pradesh,27.6,38.1,69.4,0.0,14.8,1006.0,Hot
2026-07-14,Gautam Buddha Nagar,Uttar Pradesh,26.1,41.1,84.6,0.0,15.1,1009.9,Humid
2026-07-15,Gautam Buddha Nagar,Uttar Pradesh,27.3,41.5,62.8,0.0,19.1,1007.1,Hot
2026-07-16,Gautam Buddha Nagar,Uttar Pradesh,30.5,38.6,70.5,0.0,16.9,1010.0,Hot
2026-07-17,Gautam Buddha Nagar,Uttar Pradesh,28.3,40.8,78.0,0.0,15.2,1008.6,Hot
2026-07-18,Gautam Buddha Nagar,Uttar Pradesh,26.1,40.4,87.5,45.6,7.4,1007.5,Heavy Rain
2026-07-19,Gautam Buddha Nagar,Uttar Pradesh,28.8,37.7,74.5,25.5,10.2,1006.9,Heavy Rain
2026-07-20,Gautam Buddha Nagar,Uttar Pradesh,25.8,40.9,70.6,3.2,13.5,1007.3,Light Rain
2026-07-21,Gautam Buddha Nagar,Uttar Pradesh,22.9,41.2,90.0,16.6,14.4,1008.5,Heavy Rain
2026-07-22,Gautam Buddha Nagar,Uttar Pradesh,24.6,42.2,63.4,64.7,9.5,1008.0,Heavy Rain
2026-07-23,Gautam Buddha Nagar,Uttar Pradesh,23.0,42.0,57.4,20.0,23.6,1007.0,Heavy Rain
2026-07-24,Gautam Buddha Nagar,Uttar Pradesh,25.7,36.5,78.5,20.0,20.1,1007.7,Heavy Rain
2026-07-25,Gautam Buddha Nagar,Uttar Pradesh,26.3,37.3,71.0,43.6,16.4,1008.2,Heavy Rain
2026-07-26,Gautam Buddha Nagar,Uttar Pradesh,29.2,40.4,66.8,0.0,14.3,1004.9,Hot
2026-07-27,Gautam Buddha Nagar,Uttar Pradesh,26.7,40.2,80.7,0.0,13.2,1008.8,Humid
2026-07-28,Gautam Buddha Nagar,Uttar Pradesh,25.6,40.1,77.0,14.9,10.2,1006.8,Light Rain
2026-07-29,Gautam Buddha Nagar,Uttar Pradesh,27.4,47.3,70.5,0.0,14.3,1006.6,Hot
2026-07-30,Gautam Buddha Nagar,Uttar Pradesh,21.9,39.9,64.8,57.7,15.0,1005.8,Heavy Rain
2026-07-31,Gautam Buddha Nagar,Uttar Pradesh,26.2,41.0,82.0,35.5,9.0,1005.7,Heavy Rain
2026-08-01,Gautam Buddha Nagar,Uttar Pradesh,27.0,40.4,80.2,37.2,15.3,1006.5,Heavy Rain
2026-08-02,Gautam Buddha Nagar,Uttar Pradesh,22.9,39.6,74.2,22.6,13.4,1007.5,Heavy Rain
2026-08-03,Gautam Buddha Nagar,Uttar Pradesh,27.5,37.2,89.8,0.0,6.4,1011.6,Humid
2026-08-04,Gautam Buddha Nagar,Uttar Pradesh,25.9,39.4,66.4,0.0,10.6,1007.9,Hot
2026-08-05,Gautam Buddha Nagar,Uttar Pradesh,24.5,35.9,62.8,11.9,12.3,1009.0,Light Rain
2026-08-06,Gautam Buddha Nagar,Uttar Pradesh,26.2,36.9,69.5,32.8,21.6,1009.4,Heavy Rain
2026-08-07,Gautam Buddha Nagar,Uttar Pradesh,29.1,36.1,74.6,19.4,16.2,1009.1,Heavy Rain
2026-08-08,Gautam Buddha Nagar,Uttar Pradesh,25.2,37.2,76.9,34.0,8.7,1008.9,Heavy Rain
2026-08-09,Gautam Buddha Nagar,Uttar Pradesh,25.2,41.9,73.1,38.7,15.9,1007.3,Heavy Rain
2026-08-10,Gautam Buddha Nagar,Uttar Pradesh,23.8,32.5,77.8,35.3,7.8,1011.3,Heavy Rain
2026-08-11,Gautam Buddha Nagar,Uttar Pradesh,23.0,37.9,65.0,0.0,18.3,1011.9,Clear
2026-08-12,Gautam Buddha Nagar,Uttar Pradesh,25.8,32.7,86.6,0.0,12.1,1006.8,Humid
2026-08-13,Gautam Buddha Nagar,Uttar Pradesh,22.7,35.0,74.3,19.7,13.6,1007.9,Heavy Rain
2026-08-14,Gautam Buddha Nagar,Uttar Pradesh,24.2,38.2,83.9,0.0,19.3,1009.1,Humid
2026-08-15,Gautam Buddha Nagar,Uttar Pradesh,23.1,35.7,77.7,47.3,8.9,1008.1,Heavy Rain
2026-08-16,Gautam Buddha Nagar,Uttar Pradesh,24.6,33.0,78.7,13.6,8.4,1010.4,Light Rain
2026-08-17,Gautam Buddha Nagar,Uttar Pradesh,24.2,33.6,79.6,7.7,11.7,1008.6,Light Rain
2026-08-18,Gautam Buddha Nagar,Uttar Pradesh,25.4,36.5,78.6,0.0,18.2,1013.1,Clear
2026-08-19,Gautam Buddha Nagar,Uttar Pradesh,22.4,33.1,80.1,0.0,7.9,1011.7,Humid
2026-08-20,Gautam Buddha Nagar,Uttar Pradesh,22.7,35.0,85.6,0.0,2.7,1010.3,Humid
2026-08-21,Gautam Buddha Nagar,Uttar Pradesh,21.3,34.4,76.6,15.6,12.2,1011.6,Heavy Rain
2026-08-22,Gautam Buddha Nagar,Uttar Pradesh,22.1,32.6,80.7,0.0,16.2,1011.8,Humid
2026-08-23,Gautam Buddha Nagar,Uttar Pradesh,23.4,38.6,74.3,91.2,18.8,1009.4,Heavy Rain
2026-08-24,Gautam Buddha Nagar,Uttar Pradesh,23.9,35.0,86.5,0.0,12.1,1009.1,Humid
2026-08-25,Gautam Buddha Nagar,Uttar Pradesh,20.7,28.9,69.6,33.3,12.4,1010.6,Heavy Rain
2026-08-26,Gautam Buddha Nagar,Uttar Pradesh,23.7,33.6,89.4,25.1,18.6,1011.8,Heavy Rain
2026-08-27,Gautam Buddha Nagar,Uttar Pradesh,24.4,31.4,74.7,0.0,6.5,1010.8,Clear
2026-08-28,Gautam Buddha Nagar,Uttar Pradesh,22.6,34.5,63.6,0.0,12.4,1008.4,Clear
2026-08-29,Gautam Buddha Nagar,Uttar Pradesh,25.0,30.7,76.0,11.4,14.8,1009.6,Light Rain
2026-08-30,Gautam Buddha Nagar,Uttar Pradesh,20.1,31.9,69.6,0.0,15.8,1010.8,Clear
2026-08-31,Gautam Buddha Nagar,Uttar Pradesh,19.0,33.1,81.7,45.6,12.0,1010.9,Heavy Rain
2026-09-01,Gautam Buddha Nagar,Uttar Pradesh,17.9,33.6,69.8,0.0,14.1,1014.1,Clear
2026-09-02,Gautam Buddha Nagar,Uttar Pradesh,23.6,28.8,71.4,0.0,4.0,1009.1,Clear
2026-09-03,Gautam Buddha Nagar,Uttar Pradesh,21.9,30.5,59.9,0.0,11.4,1012.1,Clear
2026-09-04,Gautam Buddha Nagar,Uttar Pradesh,20.4,29.9,71.4,0.0,15.8,1013.7,Clear
2026-09-05,Gautam Buddha Nagar,Uttar Pradesh,20.8,29.3,55.6,9.1,10.1,1014.9,Light Rain
2026-09-06,Gautam Buddha Nagar,Uttar Pradesh,18.1,34.3,62.3,30.8,14.2,1011.0,Heavy Rain
2026-09-07,Gautam Buddha Nagar,Uttar Pradesh,24.3,31.1,81.1,0.0,15.8,1012.5,Humid
2026-09-08,Gautam Buddha Nagar,Uttar Pradesh,20.0,27.2,81.3,24.0,12.6,1012.7,Heavy Rain
2026-09-09,Gautam Buddha Nagar,Uttar Pradesh,19.7,31.7,78.4,57.0,14.7,1012.2,Heavy Rain
2026-09-10,Gautam Buddha Nagar,Uttar Pradesh,20.6,34.1,67.3,7.2,10.1,1011.9,Light Rain
2026-09-11,Gautam Buddha Nagar,Uttar Pradesh,20.0,31.5,74.6,21.3,13.2,1012.8,Heavy Rain
2026-09-12,Gautam Buddha Nagar,Uttar Pradesh,19.3,25.6,75.0,0.0,16.4,1008.4,Clear
2026-09-13,Gautam Buddha Nagar,Uttar Pradesh,17.3,27.6,65.7,23.8,14.6,1013.4,Heavy Rain
2026-09-14,Gautam Buddha Nagar,Uttar Pradesh,19.3,31.2,87.0,0.0,11.7,1012.6,Humid
2026-09-15,Gautam Buddha Nagar,Uttar Pradesh,21.7,26.6,82.0,26.1,14.9,1012.2,Heavy Rain
2026-09-16,Gautam Buddha Nagar,Uttar Pradesh,20.5,28.9,73.2,45.3,16.9,1015.7,Heavy Rain
2026-09-17,Gautam Buddha Nagar,Uttar Pradesh,20.7,29.3,75.2,1.9,5.8,1011.7,Light Rain
2026-09-18,Gautam Buddha Nagar,Uttar Pradesh,16.7,25.3,76.7,15.0,18.6,1012.2,Light Rain
2026-09-19,Gautam Buddha Nagar,Uttar Pradesh,15.6,27.0,58.7,29.3,12.7,1015.9,Heavy Rain
2026-09-20,Gautam Buddha Nagar,Uttar Pradesh,17.0,19.7,73.0,0.0,15.7,1011.8,Clear
2026-09-21,Gautam Buddha Nagar,Uttar Pradesh,17.1,24.4,69.5,39.0,18.8,1012.3,Heavy Rain
2026-09-22,Gautam Buddha Nagar,Uttar Pradesh,18.7,25.8,67.0,0.0,8.5,1013.0,Clear
2026-09-23,Gautam Buddha Nagar,Uttar Pradesh,13.5,23.4,72.8,21.6,11.2,1014.6,Heavy Rain
2026-09-24,Gautam Buddha Nagar,Uttar Pradesh,19.1,29.4,89.4,46.7,12.8,1013.8,Heavy Rain
2026-09-25,Gautam Buddha Nagar,Uttar Pradesh,15.8,22.4,80.1,0.0,10.9,1011.6,Humid
2026-09-26,Gautam Buddha Nagar,Uttar Pradesh,15.1,24.4,70.4,39.9,20.9,1012.9,Heavy Rain
2026-09-27,Gautam Buddha Nagar,Uttar Pradesh,13.9,25.4,79.6,8.8,10.6,1012.9,Light Rain
2026-09-28,Gautam Buddha Nagar,Uttar Pradesh,12.5,28.0,86.2,38.5,11.8,1013.8,Heavy Rain
2026-09-29,Gautam Buddha Nagar,Uttar Pradesh,16.7,21.4,82.4,40.3,14.8,1014.6,Heavy Rain
2026-09-30,Gautam Buddha Nagar,Uttar Pradesh,15.1,26.9,75.5,0.0,9.2,1014.7,Clear
2026-10-01,Gautam Buddha Nagar,Uttar Pradesh,12.5,24.1,32.0,0.0,7.4,1011.5,Clear
2026-10-02,Gautam Buddha Nagar,Uttar Pradesh,12.2,21.6,43.0,0.0,10.3,1015.9,Clear
2026-10-03,Gautam Buddha Nagar,Uttar Pradesh,13.7,24.6,18.8,0.0,7.7,1014.8,Clear
2026-10-04,Gautam Buddha Nagar,Uttar Pradesh,17.1,23.7,24.5,0.0,8.6,1016.6,Clear
2026-10-05,Gautam Buddha Nagar,Uttar Pradesh,13.4,21.7,24.3,0.0,6.9,1015.2,Clear
2026-10-06,Gautam Buddha Nagar,Uttar Pradesh,11.0,23.0,44.5,0.0,2.9,1016.3,Clear
2026-10-07,Gautam Buddha Nagar,Uttar Pradesh,13.0,21.7,52.1,11.7,10.3,1015.5,Light Rain
2026-10-08,Gautam Buddha Nagar,Uttar Pradesh,12.7,22.6,34.0,0.0,16.0,1016.9,Clear
2026-10-09,Gautam Buddha Nagar,Uttar Pradesh,8.1,23.5,33.3,0.0,9.1,1015.8,Clear
2026-10-10,Gautam Buddha Nagar,Uttar Pradesh,12.7,25.3,35.7,0.0,9.9,1014.9,Clear
2026-10-11,Gautam Buddha Nagar,Uttar Pradesh,12.1,18.9,46.6,0.0,11.8,1018.6,Clear
2026-10-12,Gautam Buddha Nagar,Uttar Pradesh,13.6,26.0,25.7,0.0,3.9,1016.6,Clear
2026-10-13,Gautam Buddha Nagar,Uttar Pradesh,14.8,16.8,37.4,0.0,15.8,1016.2,Clear
2026-10-14,Gautam Buddha Nagar,Uttar Pradesh,13.9,20.5,44.8,0.0,9.8,1013.5,Clear
2026-10-15,Gautam Buddha Nagar,Uttar Pradesh,11.2,21.9,40.0,0.0,15.5,1013.6,Clear
2026-10-16,Gautam Buddha Nagar,Uttar Pradesh,9.5,21.0,36.9,0.0,6.1,1016.1,Clear
2026-10-17,Gautam Buddha Nagar,Uttar Pradesh,15.9,18.8,45.0,0.0,16.3,1016.0,Clear
2026-10-18,Gautam Buddha Nagar,Uttar Pradesh,11.1,19.5,10.0,4.8,12.1,1014.9,Light Rain
2026-10-19,Gautam Buddha Nagar,Uttar Pradesh,10.8,18.6,41.8,0.0,11.2,1016.1,Clear
2026-10-20,Gautam Buddha Nagar,Uttar Pradesh,10.5,18.2,28.5,9.5,9.9,1018.4,Light Rain
2026-10-21,Gautam Buddha Nagar,Uttar Pradesh,10.7,21.1,16.7,0.0,8.0,1017.1,Clear
2026-10-22,Gautam Buddha Nagar,Uttar Pradesh,9.9,19.8,40.1,0.0,13.8,1014.5,Clear
2026-10-23,Gautam Buddha Nagar,Uttar Pradesh,8.9,17.3,48.7,0.0,9.6,1016.1,Clear
2026-10-24,Gautam Buddha Nagar,Uttar Pradesh,8.7,20.6,33.6,0.0,1.1,1015.2,Clear
2026-10-25,Gautam Buddha Nagar,Uttar Pradesh,9.4,19.1,44.5,0.0,4.5,1015.9,Clear
2026-10-26,Gautam Buddha Nagar,Uttar Pradesh,8.3,20.0,51.1,0.0,8.3,1015.9,Clear
2026-10-27,Gautam Buddha Nagar,Uttar Pradesh,7.8,19.4,48.1,0.0,10.2,1015.9,Clear
2026-10-28,Gautam Buddha Nagar,Uttar Pradesh,9.1,15.9,51.4,3.4,8.8,1014.8,Light Rain
2026-10-29,Gautam Buddha Nagar,Uttar Pradesh,8.2,16.3,42.4,0.0,13.9,1016.6,Clear
2026-10-30,Gautam Buddha Nagar,Uttar Pradesh,11.2,19.0,35.8,0.0,1.2,1016.0,Clear
2026-10-31,Gautam Buddha Nagar,Uttar Pradesh,3.5,18.5,19.0,0.0,9.6,1012.5,Clear
2026-11-01,Gautam Buddha Nagar,Uttar Pradesh,10.0,16.9,32.5,0.0,1.7,1020.1,Clear
2026-11-02,Gautam Buddha Nagar,Uttar Pradesh,10.1,17.0,26.6,0.0,12.0,1018.7,Clear
2026-11-03,Gautam Buddha Nagar,Uttar Pradesh,3.9,19.4,56.7,0.0,8.6,1016.6,Clear
2026-11-04,Gautam Buddha Nagar,Uttar Pradesh,6.9,15.1,33.2,0.0,10.7,1017.3,Clear
2026-11-05,Gautam Buddha Nagar,Uttar Pradesh,6.6,17.4,36.2,0.0,5.5,1015.5,Clear
2026-11-06,Gautam Buddha Nagar,Uttar Pradesh,4.6,15.6,40.5,0.0,14.1,1019.9,Clear
2026-11-07,Gautam Buddha Nagar,Uttar Pradesh,5.5,15.4,35.4,0.0,13.2,1020.3,Clear
2026-11-08,Gautam Buddha Nagar,Uttar Pradesh,4.7,18.1,52.0,0.0,11.3,1017.8,Clear
2026-11-09,Gautam Buddha Nagar,Uttar Pradesh,9.7,17.4,28.8,0.0,8.5,1019.1,Clear
2026-11-10,Gautam Buddha Nagar,Uttar Pradesh,8.0,17.2,36.9,0.0,11.3,1017.9,Clear
2026-11-11,Gautam Buddha Nagar,Uttar Pradesh,8.5,18.1,27.6,0.0,6.2,1015.7,Clear
2026-11-12,Gautam Buddha Nagar,Uttar Pradesh,7.3,15.1,21.8,0.0,12.4,1017.2,Clear
2026-11-13,Gautam Buddha Nagar,Uttar Pradesh,3.8,16.4,28.9,0.0,15.6,1018.0,Clear
2026-11-14,Gautam Buddha Nagar,Uttar Pradesh,4.7,14.1,34.6,0.0,13.3,1017.2,Clear
2026-11-15,Gautam Buddha Nagar,Uttar Pradesh,6.4,15.3,30.7,0.0,6.1,1017.6,Clear
2026-11-16,Gautam Buddha Nagar,Uttar Pradesh,3.1,14.2,28.1,0.0,10.4,1017.9,Clear
2026-11-17,Gautam Buddha Nagar,Uttar Pradesh,6.4,14.5,20.9,0.0,3.8,1018.0,Clear
2026-11-18,Gautam Buddha Nagar,Uttar Pradesh,4.6,15.5,34.2,0.0,11.3,1018.2,Clear
2026-11-19,Gautam Buddha Nagar,Uttar Pradesh,4.2,12.3,20.0,0.0,10.8,1016.6,Clear
2026-11-20,Gautam Buddha Nagar,Uttar Pradesh,5.9,18.5,42.6,0.0,1.5,1017.2,Clear
2026-11-21,Gautam Buddha Nagar,Uttar Pradesh,5.3,11.6,35.8,0.0,4.4,1016.4,Cold
2026-11-22,Gautam Buddha Nagar,Uttar Pradesh,3.7,11.0,20.4,0.0,7.9,1019.8,Cold
2026-11-23,Gautam Buddha Nagar,Uttar Pradesh,6.3,16.1,31.9,0.0,7.8,1015.2,Clear
2026-11-24,Gautam Buddha Nagar,Uttar Pradesh,2.1,15.2,27.5,0.0,4.2,1020.2,Clear
2026-11-25,Gautam Buddha Nagar,Uttar Pradesh,5.0,14.7,38.2,0.0,10.6,1020.5,Clear
2026-11-26,Gautam Buddha Nagar,Uttar Pradesh,4.9,14.6,48.4,0.0,10.0,1018.1,Clear
2026-11-27,Gautam Buddha Nagar,Uttar Pradesh,3.1,13.1,16.2,0.0,8.2,1014.6,Clear
2026-11-28,Gautam Buddha Nagar,Uttar Pradesh,4.1,11.1,36.2,0.0,6.0,1018.0,Cold
2026-11-29,Gautam Buddha Nagar,Uttar Pradesh,1.1,13.1,33.4,0.0,13.2,1018.5,Clear
2026-11-30,Gautam Buddha Nagar,Uttar Pradesh,4.9,11.4,41.7,0.0,15.6,1017.1,Cold
2026-12-01,Gautam Buddha Nagar,Uttar Pradesh,2.8,14.9,52.2,0.0,7.1,1017.9,Clear
2026-12-02,Gautam Buddha Nagar,Uttar Pradesh,2.1,12.4,58.1,0.0,6.6,1021.0,Clear
2026-12-03,Gautam Buddha Nagar,Uttar Pradesh,4.8,10.8,63.2,0.0,11.0,1019.7,Cold
2026-12-04,Gautam Buddha Nagar,Uttar Pradesh,1.5,11.8,63.6,0.0,7.6,1017.4,Cold
2026-12-05,Gautam Buddha Nagar,Uttar Pradesh,0.1,13.4,49.2,0.0,8.4,1016.4,Clear
2026-12-06,Gautam Buddha Nagar,Uttar Pradesh,-0.2,11.2,53.3,0.0,12.0,1018.3,Cold
2026-12-07,Gautam Buddha Nagar,Uttar Pradesh,3.5,10.6,57.8,0.0,1.4,1018.5,Cold
2026-12-08,Gautam Buddha Nagar,Uttar Pradesh,0.0,12.8,52.5,0.0,14.3,1019.6,Clear
2026-12-09,Gautam Buddha Nagar,Uttar Pradesh,5.4,12.8,71.1,0.0,9.3,1018.1,Clear
2026-12-10,Gautam Buddha Nagar,Uttar Pradesh,-1.6,11.1,59.9,0.0,7.4,1019.7,Cold
2026-12-11,Gautam Buddha Nagar,Uttar Pradesh,5.1,11.1,62.3,0.0,8.6,1021.8,Cold
2026-12-12,Gautam Buddha Nagar,Uttar Pradesh,2.4,12.6,61.6,0.0,8.8,1020.2,Clear
2026-12-13,Gautam Buddha Nagar,Uttar Pradesh,1.7,8.9,66.7,0.0,2.1,1018.9,Cold
2026-12-14,Gautam Buddha Nagar,Uttar Pradesh,0.8,9.0,56.8,0.0,15.0,1018.7,Cold
2026-12-15,Gautam Buddha Nagar,Uttar Pradesh,2.5,10.5,42.0,13.0,9.2,1018.4,Light Rain
2026-12-16,Gautam Buddha Nagar,Uttar Pradesh,1.6,11.6,59.0,0.0,10.8,1020.8,Cold
2026-12-17,Gautam Buddha Nagar,Uttar Pradesh,3.6,12.7,48.5,0.0,12.8,1018.1,Clear
2026-12-18,Gautam Buddha Nagar,Uttar Pradesh,1.7,15.3,49.7,0.0,4.9,1019.1,Clear
2026-12-19,Gautam Buddha Nagar,Uttar Pradesh,1.7,13.9,60.9,0.0,10.9,1019.1,Clear
2026-12-20,Gautam Buddha Nagar,Uttar Pradesh,0.8,11.6,67.4,0.0,7.9,1018.2,Cold
2026-12-21,Gautam Buddha Nagar,Uttar Pradesh,1.3,12.0,55.2,0.0,12.4,1016.9,Cold
2026-12-22,Gautam Buddha Nagar,Uttar Pradesh,1.9,9.8,58.1,7.1,1.0,1019.5,Light Rain
2026-12-23,Gautam Buddha Nagar,Uttar Pradesh,-1.8,12.0,72.0,0.0,8.6,1018.9,Cold
2026-12-24,Gautam Buddha Nagar,Uttar Pradesh,-1.2,11.4,57.4,0.0,6.6,1019.7,Cold
2026-12-25,Gautam Buddha Nagar,Uttar Pradesh,2.5,12.8,81.0,0.0,10.7,1018.2,Foggy
2026-12-26,Gautam Buddha Nagar,Uttar Pradesh,1.5,10.3,60.7,0.0,10.9,1020.8,Cold
2026-12-27,Gautam Buddha Nagar,Uttar Pradesh,0.8,13.3,37.4,0.0,6.2,1017.6,Clear
2026-12-28,Gautam Buddha Nagar,Uttar Pradesh,1.1,15.5,62.5,0.0,6.2,1021.5,Clear
2026-12-29,Gautam Buddha Nagar,Uttar Pradesh,1.7,12.0,58.8,0.0,8.6,1016.3,Cold
2026-12-30,Gautam Buddha Nagar,Uttar Pradesh,0.1,13.1,67.9,0.0,5.4,1019.6,Clear
2026-12-31,Gautam Buddha Nagar,Uttar Pradesh,-0.4,13.8,61.7,0.0,12.4,1019.6,Clear
