date,temperature,max_temperature,min_temperature,rainfall,humidity,wind_speed
2015-01-01,15.08,23.9,8.07,0.02,44.51,1.19
2015-01-02,15.76,21.34,11.84,3.9,59.67,1.16
2015-01-03,14.41,20.72,8.65,10.12,76.62,0.96
2015-01-04,13.53,21.5,8.12,0.0,62.98,2.2
2015-01-05,13.07,22.76,6.59,0.0,44.1,3.89
2015-01-06,13.18,22.39,6.79,0.0,53.13,2.32
2015-01-07,12.44,21.21,6.26,0.0,55.87,1.84
2015-01-08,12.37,21.56,5.4,0.0,46.51,2.06
2015-01-09,11.7,21.14,4.16,0.0,39.9,1.62
2015-01-10,11.06,21.41,3.7,0.0,39.1,2.1
2015-01-11,12.12,23.24,4.05,0.0,36.93,2.0
2015-01-12,12.38,23.75,4.22,0.0,36.56,1.4
2015-01-13,12.19,21.66,5.77,0.0,39.03,1.74
2015-01-14,11.4,18.59,6.95,1.91,54.93,1.63
2015-01-15,11.22,19.55,4.48,0.0,67.56,1.52
2015-01-16,12.44,21.28,5.15,0.0,63.7,1.4
2015-01-17,13.65,23.07,6.67,0.0,55.9,1.98
2015-01-18,13.31,22.65,5.81,0.0,49.93,1.91
2015-01-19,13.0,22.19,5.4,0.0,43.43,1.53
2015-01-20,12.11,20.73,6.31,0.0,41.27,1.12
2015-01-21,13.27,20.75,6.57,3.16,42.38,1.51
2015-01-22,12.51,17.75,8.77,8.36,77.98,1.5
2015-01-23,13.19,21.22,8.02,2.56,76.24,1.13
2015-01-24,13.47,21.91,7.21,0.0,65.8,1.64
2015-01-25,12.68,21.4,5.71,0.0,45.88,1.58
2015-01-26,12.54,18.94,8.32,3.26,62.71,0.82
2015-01-27,12.2,20.24,6.68,0.0,61.75,1.95
2015-01-28,10.65,19.39,3.91,0.0,49.46,1.93
2015-01-29,10.4,19.48,3.25,0.0,42.55,2.14
2015-01-30,11.27,20.93,3.67,0.0,39.83,2.63
2015-01-31,13.16,23.44,4.93,0.0,36.8,2.32
2015-02-01,15.43,22.99,8.46,0.0,36.56,1.26
2015-02-02,15.79,24.64,8.41,0.0,42.78,1.96
2015-02-03,15.43,24.27,10.38,0.85,54.67,2.17
2015-02-04,14.15,23.5,7.65,0.27,62.64,2.21
2015-02-05,13.58,23.98,5.91,0.0,48.36,1.91
2015-02-06,14.97,24.44,6.95,0.0,39.5,1.15
2015-02-07,17.1,25.35,9.1,0.03,41.55,1.08
2015-02-08,17.33,25.63,12.02,0.0,44.16,1.52
2015-02-09,16.05,25.79,8.59,0.01,48.01,1.9
2015-02-10,15.44,25.09,7.93,0.0,41.84,1.99
2015-02-11,15.63,24.56,8.34,0.0,39.12,1.56
2015-02-12,15.05,25.11,7.0,0.0,38.18,1.69
2015-02-13,16.75,26.8,7.21,0.0,31.5,2.19
2015-02-14,19.76,30.06,11.01,0.0,36.06,1.25
2015-02-15,20.34,28.85,12.35,0.0,36.57,1.14
2015-02-16,19.54,27.8,13.21,0.0,38.14,1.74
2015-02-17,19.98,28.07,11.5,0.0,44.14,0.99
2015-02-18,20.9,28.6,13.3,0.0,40.01,0.91
2015-02-19,21.93,29.97,14.03,0.02,38.16,1.45
2015-02-20,21.72,30.86,14.05,1.76,41.7,1.29
2015-02-21,21.76,30.78,14.16,0.0,38.26,2.36
2015-02-22,21.92,31.7,14.33,0.0,43.13,2.93
2015-02-23,21.29,27.64,14.98,0.0,41.13,1.33
2015-02-24,21.94,28.3,16.64,0.0,37.87,1.17
2015-02-25,21.87,30.09,14.51,0.47,36.4,2.25
2015-02-26,16.34,25.86,8.98,1.62,28.45,1.66
2015-02-27,16.5,27.23,7.74,0.1,26.4,1.47
2015-02-28,18.08,27.38,8.95,0.09,31.21,1.39
2015-03-01,16.35,19.81,13.44,27.24,83.57,4.11
2015-03-02,16.85,21.18,12.51,26.81,83.9,2.57
2015-03-03,16.16,23.5,10.93,1.41,64.28,1.47
2015-03-04,15.82,24.18,8.66,0.0,48.97,1.97
2015-03-05,17.74,26.78,10.2,0.0,40.01,1.41
2015-03-06,18.46,27.67,10.7,0.01,48.8,1.67
2015-03-07,20.17,28.18,12.13,0.81,49.87,1.28
2015-03-08,20.16,26.73,14.17,4.41,54.08,1.61
2015-03-09,16.15,25.17,9.29,2.32,47.22,2.41
2015-03-10,16.54,26.43,8.3,0.0,47.63,2.32
2015-03-11,18.59,28.65,9.57,0.0,36.23,1.79
2015-03-12,21.21,30.79,12.83,0.0,38.12,1.74
2015-03-13,21.59,28.81,15.22,0.23,49.15,1.22
2015-03-14,22.21,29.03,16.75,0.31,54.78,1.18
2015-03-15,18.91,24.5,15.03,6.41,72.64,3.31
2015-03-16,19.28,25.17,14.33,5.65,72.76,1.84
2015-03-17,20.14,27.8,12.82,0.0,58.38,2.51
2015-03-18,19.76,28.07,12.24,0.0,53.11,2.96
2015-03-19,20.42,29.55,11.32,0.0,43.09,1.85
2015-03-20,22.34,31.7,14.21,0.0,36.16,1.74
2015-03-21,23.63,32.78,15.89,0.0,38.75,1.78
2015-03-22,24.59,33.92,16.08,0.0,44.46,2.53
2015-03-23,25.01,34.34,17.84,0.0,42.03,2.26
2015-03-24,27.15,36.03,16.88,0.0,29.79,1.17
2015-03-25,27.91,36.34,21.63,0.0,30.21,0.9
2015-03-26,27.71,36.73,19.31,0.0,36.78,1.27
2015-03-27,27.68,36.88,20.55,0.0,35.96,1.93
2015-03-28,27.63,36.88,18.45,0.0,29.79,1.74
2015-03-29,24.35,30.64,18.32,5.23,40.5,2.16
2015-03-30,21.83,28.32,17.67,6.27,68.02,2.91
2015-03-31,24.69,31.89,16.72,0.01,57.66,1.49
2015-04-01,26.64,33.86,19.31,0.15,44.99,1.32
2015-04-02,27.81,35.98,20.84,0.07,40.13,1.31
2015-04-03,24.91,30.63,20.78,5.93,52.74,2.15
2015-04-04,21.05,25.46,17.35,16.39,72.93,1.17
2015-04-05,22.89,31.21,15.56,0.0,57.56,0.97
2015-04-06,24.24,32.35,16.36,0.0,41.36,1.59
2015-04-07,25.5,32.2,18.4,0.04,38.53,0.9
2015-04-08,25.1,32.78,19.15,0.25,42.84,1.61
2015-04-09,24.75,33.96,16.35,0.0,41.71,2.4
2015-04-10,25.8,35.48,16.67,0.0,39.39,2.19
2015-04-11,28.47,37.14,20.11,0.0,31.36,1.03
2015-04-12,26.52,33.75,19.78,5.35,44.0,1.24
2015-04-13,23.96,29.8,20.76,1.63,60.72,1.9
2015-04-14,25.23,31.78,18.86,0.44,54.6,1.26
2015-04-15,26.56,32.91,20.88,1.06,51.17,1.21
2015-04-16,27.36,34.74,21.06,0.09,48.23,1.46
2015-04-17,27.61,35.89,19.85,0.03,43.56,3.09
2015-04-18,30.0,39.47,20.91,0.0,37.8,2.73
2015-04-19,31.85,40.86,22.68,0.0,33.5,1.6
2015-04-20,31.42,39.54,23.56,0.01,32.27,1.93
2015-04-21,30.13,39.23,21.36,0.0,31.3,2.62
2015-04-22,29.57,39.65,20.05,0.0,27.18,2.64
2015-04-23,30.9,39.96,21.61,0.0,24.31,1.55
2015-04-24,33.69,40.47,27.26,0.0,17.76,0.68
2015-04-25,32.41,40.43,25.18,0.0,20.61,1.34
2015-04-26,28.83,36.31,21.6,0.01,43.9,2.65
2015-04-27,30.26,38.33,22.16,0.46,40.22,2.34
2015-04-28,31.56,38.9,23.38,3.02,41.71,1.58
2015-04-29,32.18,38.68,25.95,0.02,31.01,1.09
2015-04-30,32.23,40.36,23.92,0.0,30.15,1.87
2015-05-01,31.35,37.96,24.94,0.46,32.86,1.23
2015-05-02,31.28,38.43,25.02,0.11,30.17,1.56
2015-05-03,31.81,39.89,23.67,0.0,21.83,1.29
2015-05-04,32.98,40.75,25.21,0.0,18.21,1.21
2015-05-05,32.42,41.96,22.83,0.0,20.49,1.88
2015-05-06,33.6,43.54,22.55,0.0,15.9,3.6
2015-05-07,34.61,44.07,24.73,0.0,15.73,3.7
2015-05-08,34.67,43.2,26.72,0.0,15.84,3.12
2015-05-09,34.92,42.87,26.35,0.0,22.1,1.96
2015-05-10,35.4,43.43,26.91,0.0,22.23,1.8
2015-05-11,36.38,43.36,28.06,0.01,21.17,1.35
2015-05-12,35.39,41.05,29.91,0.61,24.32,1.12
2015-05-13,34.14,40.77,26.96,0.43,26.89,1.62
2015-05-14,33.0,39.37,26.3,1.04,27.4,1.51
2015-05-15,33.45,40.34,26.23,0.4,28.52,2.52
2015-05-16,34.35,40.08,28.62,2.3,26.33,0.99
2015-05-17,34.73,41.48,26.35,0.0,23.54,1.64
2015-05-18,37.02,43.84,27.88,0.0,20.02,1.41
2015-05-19,38.28,45.73,30.85,0.0,16.92,2.43
2015-05-20,36.09,43.55,28.62,1.53,17.14,4.2
2015-05-21,36.47,44.82,27.82,0.0,15.53,4.11
2015-05-22,37.27,45.41,28.68,0.0,15.6,3.82
2015-05-23,37.11,45.93,27.18,0.0,13.32,4.24
2015-05-24,37.6,46.44,27.0,0.17,12.83,2.53
2015-05-25,37.39,46.51,27.36,0.0,11.1,2.69
2015-05-26,36.83,46.34,27.23,0.31,10.41,3.84
2015-05-27,35.11,44.58,24.59,0.06,5.91,3.35
2015-05-28,35.3,43.77,25.5,0.0,9.12,2.61
2015-05-29,36.73,45.2,27.07,0.01,19.41,2.86
2015-05-30,36.96,44.1,28.7,0.0,19.94,2.94
2015-05-31,36.86,44.21,29.42,0.0,19.46,2.68
2015-06-01,35.93,42.92,29.9,0.38,17.44,1.55
2015-06-02,34.84,41.92,27.17,1.14,25.75,2.22
2015-06-03,35.07,41.81,27.57,0.44,22.55,1.25
2015-06-04,35.32,41.57,29.5,0.38,22.1,1.75
2015-06-05,35.16,42.29,26.78,0.1,23.04,2.1
2015-06-06,35.34,41.7,28.45,0.0,22.92,2.57
2015-06-07,36.5,43.9,27.94,0.0,20.99,2.48
2015-06-08,38.25,45.9,29.52,0.0,15.93,2.74
2015-06-09,39.17,46.13,31.6,0.0,17.4,4.38
2015-06-10,36.94,41.78,32.15,0.0,28.88,5.72
2015-06-11,37.54,43.82,31.31,0.5,26.36,4.5
2015-06-12,37.42,43.79,31.04,0.0,30.43,3.82
2015-06-13,34.92,39.07,29.87,17.22,38.4,2.14
2015-06-14,33.34,38.93,27.75,1.97,41.4,1.66
2015-06-15,34.0,40.24,27.77,0.01,41.44,1.49
2015-06-16,34.27,40.17,28.13,0.0,39.89,1.3
2015-06-17,35.21,41.86,28.92,0.0,34.04,1.44
2015-06-18,36.48,42.51,30.18,0.16,27.94,0.95
2015-06-19,37.43,43.84,30.48,0.03,24.54,1.48
2015-06-20,37.04,42.4,31.21,0.73,33.33,2.09
2015-06-21,35.87,40.14,31.22,6.06,39.34,1.52
2015-06-22,35.37,39.96,30.16,1.1,41.82,1.06
2015-06-23,36.54,42.37,31.58,2.29,36.13,1.09
2015-06-24,34.75,40.07,29.16,0.88,35.92,1.85
2015-06-25,28.15,30.14,25.5,37.14,70.72,2.18
2015-06-26,32.14,39.3,24.52,0.0,45.71,3.18
2015-06-27,33.22,39.86,26.65,0.09,50.18,3.61
2015-06-28,34.63,41.69,27.14,0.0,42.43,2.6
2015-06-29,33.99,39.55,27.88,2.3,44.21,1.61
2015-06-30,32.42,37.52,26.49,23.91,56.14,0.92
2015-07-01,32.91,38.36,26.8,7.07,53.1,1.13
2015-07-02,33.18,38.65,27.74,0.21,47.9,1.84
2015-07-03,34.64,40.92,28.25,0.31,45.94,3.18
2015-07-04,35.16,40.67,30.01,0.24,44.58,3.77
2015-07-05,34.77,41.18,29.15,11.07,52.07,2.86
2015-07-06,32.65,36.64,28.15,15.92,59.65,1.98
2015-07-07,32.06,34.76,29.15,12.8,59.36,0.52
2015-07-08,32.38,35.65,28.91,5.99,57.21,0.66
2015-07-09,32.35,36.08,29.15,3.88,57.66,1.04
2015-07-10,29.55,32.39,27.07,39.58,72.84,1.96
2015-07-11,28.07,31.08,25.52,88.39,83.68,2.59
2015-07-12,28.23,30.69,25.63,14.58,84.73,3.24
2015-07-13,28.8,32.62,25.7,2.7,81.41,1.33
2015-07-14,29.63,34.04,25.26,0.79,75.47,2.48
2015-07-15,30.34,35.42,26.3,0.32,71.28,3.76
2015-07-16,30.64,36.16,25.54,0.23,68.61,2.89
2015-07-17,30.3,34.34,26.0,1.87,73.01,0.99
2015-07-18,30.82,34.6,26.29,1.8,71.25,0.88
2015-07-19,29.82,32.87,26.11,2.12,73.89,0.74
2015-07-20,29.73,32.67,26.71,2.53,74.55,0.66
2015-07-21,30.32,34.4,26.52,1.53,74.48,1.3
2015-07-22,29.93,33.79,26.3,0.75,77.49,1.46
2015-07-23,30.02,34.13,26.61,0.02,77.08,1.87
2015-07-24,30.15,34.62,26.33,0.25,73.64,1.71
2015-07-25,30.17,34.42,26.02,5.96,72.54,1.77
2015-07-26,29.36,34.05,26.22,2.31,76.13,3.74
2015-07-27,29.31,34.1,25.1,1.11,75.26,3.15
2015-07-28,29.28,34.75,24.79,0.05,68.73,2.78
2015-07-29,29.01,34.49,23.76,0.1,71.34,2.92
2015-07-30,30.35,35.38,25.67,0.06,68.04,2.48
2015-07-31,29.58,33.84,25.55,5.45,70.69,2.4
2015-08-01,29.27,33.91,25.57,1.41,71.7,1.87
2015-08-02,28.98,33.8,25.25,6.3,70.87,1.04
2015-08-03,28.81,32.23,24.87,0.05,73.28,1.22
2015-08-04,31.78,36.38,25.67,0.03,59.94,1.08
2015-08-05,32.46,36.57,27.65,6.08,60.28,0.95
2015-08-06,31.91,36.18,27.89,7.19,64.01,1.38
2015-08-07,30.7,35.34,26.59,10.4,71.19,1.59
2015-08-08,29.76,33.64,26.35,22.71,76.37,1.72
2015-08-09,28.2,31.27,25.61,24.49,82.51,1.82
2015-08-10,30.43,34.63,25.38,7.23,69.25,1.0
2015-08-11,29.89,34.18,26.79,11.25,75.39,1.16
2015-08-12,29.7,33.3,25.59,3.86,76.23,0.85
2015-08-13,30.42,34.27,26.53,1.19,70.9,0.68
2015-08-14,30.97,34.18,27.26,1.66,73.42,0.66
2015-08-15,30.18,33.0,27.37,16.96,77.49,0.94
2015-08-16,29.2,32.64,26.02,7.79,81.09,1.22
2015-08-17,29.81,33.8,25.5,1.93,75.36,1.37
2015-08-18,30.22,34.64,26.0,3.97,74.1,1.88
2015-08-19,29.33,33.54,25.65,8.02,75.38,3.0
2015-08-20,28.9,33.4,25.33,4.02,74.58,3.05
2015-08-21,28.41,32.8,24.19,12.68,75.86,2.49
2015-08-22,28.44,32.42,23.62,4.86,73.38,2.28
2015-08-23,28.02,31.69,23.99,30.19,80.34,2.09
2015-08-24,28.0,32.52,24.13,1.85,78.91,2.52
2015-08-25,28.34,33.6,23.9,0.0,73.54,2.67
2015-08-26,28.67,34.03,23.25,0.01,71.78,2.33
2015-08-27,29.05,33.66,23.58,10.03,69.88,1.35
2015-08-28,29.6,34.89,24.07,0.01,68.29,1.67
2015-08-29,29.47,34.98,24.49,5.38,70.99,1.93
2015-08-30,29.46,34.93,24.83,0.0,68.83,2.31
2015-08-31,28.7,35.1,23.14,0.78,66.0,2.74
2015-09-01,28.63,34.94,23.14,0.01,60.38,2.94
2015-09-02,28.29,35.11,22.37,0.01,58.17,2.66
2015-09-03,28.34,35.1,21.27,0.79,58.59,2.25
2015-09-04,28.1,35.93,21.34,0.01,53.54,2.21
2015-09-05,28.1,36.0,21.18,0.0,51.1,2.54
2015-09-06,28.6,36.29,21.55,0.0,50.86,2.43
2015-09-07,28.95,36.45,22.0,0.0,52.16,2.32
2015-09-08,29.19,36.93,22.27,0.0,51.16,2.83
2015-09-09,29.28,37.86,21.73,0.0,48.71,2.87
2015-09-10,29.13,37.39,21.84,0.0,46.31,2.39
2015-09-11,29.26,37.46,20.89,0.0,46.92,1.99
2015-09-12,30.55,37.91,23.43,0.07,43.63,1.1
2015-09-13,31.08,36.65,25.79,1.29,43.47,0.77
2015-09-14,31.81,38.55,25.12,0.08,38.72,1.13
2015-09-15,31.83,38.98,25.21,0.0,37.36,1.06
2015-09-16,31.16,37.74,24.08,1.5,42.25,0.77
2015-09-17,32.06,37.9,26.21,0.0,43.6,0.72
2015-09-18,29.72,34.06,25.12,11.66,58.25,1.51
2015-09-19,29.97,35.96,23.56,3.31,65.12,1.76
2015-09-20,30.84,34.84,26.77,19.61,63.97,0.84
2015-09-21,30.56,34.91,26.63,6.22,62.78,0.75
2015-09-22,29.99,35.17,25.81,5.38,64.65,2.2
2015-09-23,27.63,33.63,23.56,0.62,65.38,2.72
2015-09-24,26.77,34.22,21.26,0.0,49.99,2.61
2015-09-25,26.63,34.51,19.12,0.0,44.84,2.07
2015-09-26,28.21,35.18,20.27,0.0,46.05,1.68
2015-09-27,28.33,35.45,22.57,0.01,48.3,1.41
2015-09-28,27.93,35.62,21.54,0.0,47.6,1.57
2015-09-29,27.13,35.82,19.46,0.0,44.3,1.96
2015-09-30,26.96,36.01,19.16,0.0,44.65,2.4
2015-10-01,27.23,36.02,18.74,0.0,40.67,1.67
2015-10-02,27.03,36.3,18.65,0.0,38.82,1.74
2015-10-03,27.97,36.07,19.45,0.0,35.79,1.58
2015-10-04,28.27,37.28,19.93,0.0,35.75,1.09
2015-10-05,29.61,37.94,23.0,0.0,35.18,0.91
2015-10-06,28.34,36.12,21.88,0.0,40.94,1.64
2015-10-07,27.83,36.47,20.05,0.0,45.07,1.76
2015-10-08,27.84,36.28,20.5,0.0,43.8,1.94
2015-10-09,28.24,37.5,20.59,0.0,38.83,2.07
2015-10-10,28.39,37.41,19.81,0.0,35.41,2.2
2015-10-11,28.7,37.36,20.5,0.0,38.05,1.98
2015-10-12,28.66,35.86,20.93,0.0,39.86,1.23
2015-10-13,28.2,34.62,22.49,0.75,46.2,1.01
2015-10-14,27.23,34.34,21.13,0.95,48.75,1.31
2015-10-15,27.16,34.07,21.96,0.22,47.99,0.99
2015-10-16,28.09,35.24,20.84,0.0,40.1,1.08
2015-10-17,27.51,34.55,20.78,0.01,41.38,1.25
2015-10-18,28.4,35.17,21.84,0.0,39.24,0.95
2015-10-19,29.11,36.06,22.24,0.0,35.46,1.09
2015-10-20,28.34,35.71,23.19,0.0,38.01,1.52
2015-10-21,25.53,33.61,19.32,0.44,43.82,1.63
2015-10-22,23.64,33.31,16.06,0.02,35.83,1.88
2015-10-23,23.65,33.29,14.91,0.0,31.16,1.88
2015-10-24,25.33,33.41,16.83,0.0,30.78,1.2
2015-10-25,25.23,34.2,17.34,0.0,32.81,1.51
2015-10-26,24.61,32.41,18.04,0.03,36.48,1.43
2015-10-27,23.48,31.52,16.75,0.46,42.53,1.62
2015-10-28,19.16,21.97,15.49,7.39,64.59,1.74
2015-10-29,21.08,28.49,14.38,0.0,57.25,0.92
2015-10-30,22.0,29.51,16.15,1.0,47.99,1.2
2015-10-31,22.86,30.9,15.61,0.0,40.64,1.09
2015-11-01,22.95,30.32,17.01,0.0,41.23,0.91
2015-11-02,23.31,30.76,16.32,0.0,43.18,1.09
2015-11-03,23.89,30.6,18.12,0.0,44.47,1.12
2015-11-04,24.64,30.77,19.54,0.0,41.71,0.81
2015-11-05,24.93,30.9,18.02,0.77,41.5,0.95
2015-11-06,24.05,30.7,19.33,0.01,41.03,1.18
2015-11-07,22.38,29.91,15.98,0.0,41.75,1.01
2015-11-08,22.26,28.6,17.62,0.02,44.41,1.24
2015-11-09,23.55,31.28,16.88,0.0,44.2,1.16
2015-11-10,23.48,30.57,18.77,0.0,46.27,1.3
2015-11-11,22.25,30.96,16.3,0.0,39.76,2.76
2015-11-12,21.69,30.91,14.73,0.0,42.43,2.38
2015-11-13,22.37,30.95,15.49,0.0,42.78,2.41
2015-11-14,22.78,30.45,16.97,0.0,50.59,2.09
2015-11-15,23.53,31.16,17.19,0.0,40.31,1.25
2015-11-16,21.67,29.64,16.04,0.0,41.01,1.94
2015-11-17,19.34,29.02,12.27,0.0,27.78,2.22
2015-11-18,18.67,28.98,10.45,0.0,29.84,1.84
2015-11-19,18.87,28.53,11.44,0.0,29.49,1.34
2015-11-20,19.57,28.84,12.64,0.0,29.45,1.17
2015-11-21,19.93,28.97,12.41,0.0,34.37,1.1
2015-11-22,19.99,29.11,12.5,0.0,31.29,1.44
2015-11-23,19.82,28.58,12.52,0.0,27.84,1.25
2015-11-24,19.19,28.73,12.29,0.0,32.04,1.98
2015-11-25,20.32,30.42,12.87,0.0,29.82,2.82
2015-11-26,20.96,27.18,15.32,0.11,33.03,1.23
2015-11-27,20.68,27.75,15.13,0.11,47.67,1.1
2015-11-28,20.37,27.22,15.9,0.0,52.14,1.41
2015-11-29,19.69,28.14,12.52,0.0,37.87,1.16
2015-11-30,20.18,29.64,13.61,0.0,38.77,1.19
2015-12-01,20.37,29.18,13.24,0.34,39.84,1.29
2015-12-02,18.1,25.56,12.84,1.19,43.29,1.7
2015-12-03,18.21,27.19,11.73,0.0,41.63,2.43
2015-12-04,18.16,27.29,10.6,0.0,35.83,2.19
2015-12-05,18.95,27.86,12.52,0.0,28.37,1.3
2015-12-06,19.21,26.97,12.09,0.0,24.43,0.79
2015-12-07,19.66,27.24,12.47,0.0,27.09,1.03
2015-12-08,20.13,28.64,13.68,0.0,28.01,0.88
2015-12-09,18.52,26.65,11.13,0.0,31.57,1.54
2015-12-10,18.88,28.37,11.55,0.0,32.99,1.69
2015-12-11,18.08,25.38,12.91,0.03,36.71,1.76
2015-12-12,14.89,22.9,8.72,0.0,31.61,2.22
2015-12-13,13.7,22.08,7.31,0.0,28.44,1.94
2015-12-14,13.11,22.3,7.01,0.0,26.99,2.46
2015-12-15,12.97,23.77,5.3,0.0,21.62,2.38
2015-12-16,14.98,24.45,6.49,0.0,18.58,0.96
2015-12-17,14.84,22.84,9.04,0.0,18.46,1.05
2015-12-18,12.72,22.46,5.75,0.0,22.98,2.26
2015-12-19,13.97,23.12,5.11,0.0,20.93,1.63
2015-12-20,14.01,22.19,7.77,0.0,20.22,0.97
2015-12-21,12.84,21.66,4.72,0.0,26.35,1.34
2015-12-22,13.23,20.81,7.48,0.0,30.39,1.14
2015-12-23,12.19,20.3,5.26,0.0,29.34,1.58
2015-12-24,12.35,20.46,6.88,0.0,28.11,2.55
2015-12-25,11.12,21.24,3.26,0.0,22.33,2.26
2015-12-26,14.0,25.11,5.95,0.0,16.66,2.52
2015-12-27,16.15,25.58,9.66,0.0,18.21,2.41
2015-12-28,17.69,26.72,11.03,0.0,30.0,2.78
2015-12-29,17.61,27.01,11.61,0.0,30.47,2.86
2015-12-30,16.7,25.98,9.3,0.0,24.76,1.57
2015-12-31,15.62,25.67,7.99,0.0,28.02,1.46
